Goal Levels,x1,x2,x3,x4,x5,x6,x7,x8,x9,x10,x11,x12,x13,x14,x15
5ace20379fe7b01d5806bec9,-0.3,-0.3,-0.95,-0.96,-0.97,-0.98,-0.99,-1.0,-1.08,-1.12,-1.24,-1.29,-1.31,-1.35,-1.37
5ace20379fe7b01d5806bebb,1.23,0.91,-0.51,-0.77,-1.49,-1.99,-2.19,-2.24,-2.31,-2.3400000000000007,-2.3500000000000005,-2.3600000000000003,-2.37,-2.39,-2.41
5ace203f9fe7b01d5806c144,0.27,0.26,-0.22,-0.62,-0.8099999999999999,-0.82,-1.12,-1.29,-1.29,-1.58,-1.75,-1.88,-1.96,-2.02,-2.05
5ace203f9fe7b01d5806c145,1.46,1.45,0.9,0.89,0.81,0.51,0.22,0.03,0.02,-0.19,-0.39,-0.55,-0.64,-0.7,-0.72
5ace203d9fe7b01d5806c082,3.85,2.27,-0.2999999999999999,-0.3099999999999999,-0.3199999999999999,-0.3299999999999999,-0.3399999999999999,-0.3499999999999999,-0.35999999999999993,-0.36999999999999994,-0.37999999999999995,-0.38999999999999996,-0.39999999999999997,-0.41,-0.41
5ace203c9fe7b01d5806c06b,1.25,1.24,1.23,1.22,0.8,0.68,0.65,0.4,0.33,0.08,0.01,-0.12,-0.17,-0.23,-0.27
5ace20369fe7b01d5806be69,0.09999999999999999,0.09,0.08,0.07,0.060000000000000005,0.05,0.04,-0.29,-0.33,-0.56,-0.67,-0.75,-0.83,-0.88,-0.9
5ace20369fe7b01d5806be6a,0.32,-1.18,-1.74,-1.75,-1.76,-1.77,-1.94,-2.11,-2.15,-2.3200000000000003,-2.33,-2.36,-2.3700000000000006,-2.3800000000000003,-2.39
5ace20369fe7b01d5806be6b,1.0,-1.15,-1.16,-1.17,-1.23,-1.32,-1.5,-1.68,-1.72,-2.03,-2.15,-2.23,-2.24,-2.25,-2.26
5ace20349fe7b01d5806bdd5,0.7,-1.27,-1.76,-1.77,-1.8,-1.8,-1.81,-1.82,-1.83,-1.84,-2.03,-2.11,-2.14,-2.18,-2.2
5ace20349fe7b01d5806bdcd,-1.9,-1.91,-1.92,-2.2500000000000018,-2.2600000000000016,-2.2700000000000014,-2.280000000000001,-2.290000000000001,-2.3000000000000007,-2.3100000000000005,-2.3200000000000003,-2.33,-2.34,-2.35,-2.38
5ace20369fe7b01d5806be6c,0.33,0.32,-0.45999999999999996,-0.47,-0.48,-0.49,-0.62,-0.78,-0.79,-0.9,-0.91,-1.0,-1.03,-1.08,-1.09
5ace20369fe7b01d5806be6d,1.8,-0.53,-1.51,-1.52,-1.82,-1.88,-1.91,-2.06,-2.13,-2.26,-2.31,-2.41,-2.46,-2.5,-2.53
5ace203e9fe7b01d5806c11a,1.6300000000000001,1.62,1.61,1.6,0.98,0.97,0.73,0.4,0.32,0.04,-0.17,-0.32,-0.38,-0.43,-0.5
5ace203e9fe7b01d5806c0cc,2.1199999999999997,2.11,0.8300000000000001,0.8200000000000001,0.81,0.8,0.79,0.7,0.51,0.2,0.0,-0.11,-0.14,-0.17,-0.17
5ace203a9fe7b01d5806bfa1,3.7,3.7,0.91,0.9,0.61,0.6,0.3,0.23,0.22,0.04,-0.02,-0.1,-0.16,-0.18,-0.22
5ace20399fe7b01d5806bf5f,1.7,1.7,-0.71,-0.72,-0.73,-0.74,-0.76,-0.9,-0.91,-0.92,-1.14,-1.28,-1.41,-1.46,-1.47
5ace203e9fe7b01d5806c0cd,3.7,3.7,1.72,1.65,1.64,1.63,1.12,0.94,0.79,0.33,0.11,-0.1,-0.22,-0.31,-0.32
5ace203a9fe7b01d5806bfd2,3.85,3.35,2.51,2.43,2.28,2.04,1.89,1.66,1.6,1.41,1.38,1.28,1.23,1.15,1.11
5ace203f9fe7b01d5806c15a,1.64,-0.10000000000000002,-0.11000000000000001,-0.12000000000000001,-0.13,-0.14,-0.44,-0.68,-0.75,-0.82,-0.83,-0.84,-0.84,-0.88,-0.9
5ace20399fe7b01d5806bf52,2.92,2.57,1.73,1.51,0.81,0.74,0.46,0.32,0.09,-0.21,-0.48,-0.59,-0.64,-0.67,-0.69
5ace203a9fe7b01d5806bf7c,1.35,1.34,0.91,0.9,0.86,0.85,0.57,0.39,0.28,-0.23,-0.47,-0.58,-0.61,-0.67,-0.7
5ace203a9fe7b01d5806bf7d,1.7,0.08,-0.52,-0.53,-0.6,-0.72,-0.77,-0.89,-0.89,-1.02,-1.13,-1.16,-1.21,-1.26,-1.26
5ace203f9fe7b01d5806c150,0.12,0.11,0.07999999999999999,0.06999999999999999,0.06,-0.24,-0.61,-0.84,-0.9,-1.22,-1.44,-1.56,-1.63,-1.69,-1.74
5ace203a9fe7b01d5806bf92,3.7,0.79,0.78,0.77,0.76,0.75,0.12,-0.44,-0.67,-1.0,-1.34,-1.49,-1.66,-1.74,-1.8
5ace20399fe7b01d5806bf69,-0.63,-0.64,-0.65,-0.66,-0.7,-0.74,-0.75,-0.96,-0.96,-1.02,-1.11,-1.21,-1.27,-1.32,-1.35
5ace20399fe7b01d5806bf6a,3.3099999999999996,3.3,1.73,1.48,0.74,0.65,0.23,0.07,-0.09,-0.59,-0.9,-1.09,-1.18,-1.23,-1.26
5ace203a9fe7b01d5806bfd3,0.8400000000000001,0.8300000000000001,0.8200000000000001,0.81,0.8,0.79,0.4,0.23,0.09,-0.01,-0.22,-0.34,-0.4,-0.42,-0.49
5ace20399fe7b01d5806bf46,1.82,1.81,1.8,1.79,1.44,1.43,1.12,0.88,0.73,0.46,0.27,0.16,0.16,0.11,0.1
5ace20359fe7b01d5806be22,3.13,2.52,2.51,2.5,1.69,1.43,1.31,1.11,1.0,0.61,0.42,0.29,0.24,0.18,0.13
5ace20369fe7b01d5806be6e,1.95,0.64,0.63,0.62,-0.22,-0.23,-0.46,-0.67,-0.69,-0.91,-0.92,-0.94,-0.99,-1.04,-1.1
5ace203a9fe7b01d5806bfba,3.85,1.8,1.6300000000000001,1.62,1.61,1.6,1.59,1.43,1.36,1.1,0.85,0.65,0.53,0.47,0.42
5ace20349fe7b01d5806bdc2,-0.72,-1.31,-1.52,-1.53,-1.54,-1.55,-1.57,-1.58,-1.68,-1.91,-1.92,-1.96,-1.97,-1.98,-2.0
5ace20359fe7b01d5806be0f,-0.20999999999999996,-0.21999999999999997,-0.22999999999999998,-0.24,-0.44,-0.45,-0.46,-0.57,-0.58,-0.59,-0.63,-0.64,-0.69,-0.69,-0.7
5ace20369fe7b01d5806be75,3.7,3.7,2.42,0.92,0.91,0.9,0.7000000000000001,0.6900000000000001,0.68,0.59,0.51,0.34,0.24,0.17,0.16
5ace20379fe7b01d5806beca,2.4099999999999993,2.3999999999999995,2.3899999999999997,2.38,2.37,1.6,1.59,1.58,1.57,1.56,1.55,1.54,1.48,1.47,1.42
5ace20379fe7b01d5806bebc,2.2399999999999993,2.2299999999999995,2.2199999999999998,2.21,2.06,1.41,1.14,0.99,0.9,0.61,0.29,0.13,0.02,-0.04,-0.07
5ace203e9fe7b01d5806c125,1.13,1.11,1.1,1.09,1.08,1.07,0.72,0.62,0.52,0.36,0.17,0.14,0.06,0.02,-0.02
5ace20419fe7b01d5806c1d2,1.1300000000000001,1.12,1.11,0.46,0.15,-0.01,-0.04,-0.05,-0.060000000000000005,-0.07,-0.09,-0.14,-0.21,-0.29,-0.33
5ace20419fe7b01d5806c1d3,3.85,2.78,2.77,1.95,1.76,1.75,1.74,1.73,1.72,1.71,1.66,1.54,1.3,1.26,1.23
5ace203f9fe7b01d5806c178,1.45,1.44,1.43,1.42,0.74,0.26,0.16,-0.05,-0.11,-0.49,-0.68,-0.8,-0.87,-0.93,-0.98
5ace203f9fe7b01d5806c179,2.1599999999999997,2.15,0.28,0.27,0.26,0.25,0.16,-0.1,-0.11,-0.41,-0.56,-0.7,-0.8,-0.88,-0.89
5ace203f9fe7b01d5806c17a,3.7,2.49,1.08,1.07,0.84,0.61,0.14,-0.08,-0.1,-0.36,-0.5,-0.61,-0.65,-0.66,-0.68
5ace20419fe7b01d5806c1e3,2.83,2.16,0.57,0.36,0.3,0.29,0.02,-0.09,-0.3,-0.35,-0.39,-0.47,-0.54,-0.62,-0.65
5ace20359fe7b01d5806be14,3.7,1.7,0.75,0.02,0.01,0.0,-0.06,-0.28,-0.33,-0.73,-1.02,-1.2,-1.25,-1.27,-1.31
5ace20399fe7b01d5806bf41,0.82,-0.35999999999999993,-0.36999999999999994,-0.37999999999999995,-0.38999999999999996,-0.39999999999999997,-0.41,-0.47,-0.48,-0.59,-0.82,-0.93,-1.0,-1.01,-1.04
5ace20399fe7b01d5806bf42,2.7,1.06,0.84,0.65,0.64,0.56,0.07,-0.05,-0.09,-0.27,-0.51,-0.66,-0.73,-0.77,-0.81
5ace203d9fe7b01d5806c084,2.7,2.7,2.209999999999999,2.1999999999999993,2.1899999999999995,2.1799999999999997,2.17,1.86,1.79,1.61,1.5,1.4,1.34,1.34,1.25
5ace203e9fe7b01d5806c11b,1.7,0.13,-0.13,-0.14,-0.19,-0.46,-0.83,-0.97,-1.08,-1.3,-1.3,-1.32,-1.32,-1.35,-1.37
5ace20349fe7b01d5806bdd0,1.7,-0.06,-0.24,-0.25,-0.52,-0.58,-0.8,-0.94,-0.94,-0.95,-1.09,-1.13,-1.21,-1.24,-1.28
5ace203f9fe7b01d5806c16d,0.33,-0.49,-1.11,-1.12,-1.17,-1.18,-1.19,-1.35,-1.39,-1.52,-1.63,-1.67,-1.72,-1.76,-1.79
5ace20369fe7b01d5806be76,1.7,0.69,-0.05,-0.060000000000000005,-0.07,-0.15,-0.41,-0.71,-0.93,-1.25,-1.46,-1.62,-1.71,-1.75,-1.8
5ace20389fe7b01d5806bed7,1.75,1.74,0.93,0.92,0.91,0.9,0.89,0.88,0.87,0.85,0.65,0.46,0.43,0.37,0.31
5ace20349fe7b01d5806bdd1,3.7,1.38,0.71,0.7,0.27,-0.14,-0.28,-0.49,-0.5,-0.74,-0.91,-1.0,-1.09,-1.11,-1.12
5ace20349fe7b01d5806bdd2,0.33000000000000007,0.32000000000000006,0.31000000000000005,0.30000000000000004,0.29000000000000004,0.28,0.27,0.0,-0.17,-0.26,-0.35,-0.41,-0.48,-0.53,-0.56
5ace20349fe7b01d5806bdd3,2.0199999999999996,2.01,1.17,1.07,0.96,0.96,0.6900000000000001,0.68,0.58,0.39,0.31,0.26,0.25,0.25,0.21
5ace20379fe7b01d5806bec3,-0.15,-0.45999999999999996,-0.47,-0.48,-1.03,-1.35,-1.52,-1.75,-1.86,-1.89,-2.04,-2.08,-2.0900000000000003,-2.1,-2.13
5ace20379fe7b01d5806beac,1.82,0.39,0.38,0.37,0.36,0.35,0.25,0.06,-0.09,-0.48,-0.66,-0.76,-0.85,-0.92,-0.92
5ace203d9fe7b01d5806c094,1.7,1.7,-0.2,-0.39,-0.4,-0.46,-0.81,-1.05,-1.29,-1.55,-1.87,-2.09,-2.09,-2.12,-2.18
5ace203d9fe7b01d5806c095,2.47,2.27,2.09,1.3,1.29,1.28,1.26,1.19,0.89,0.81,0.47,0.43,0.32,0.22,0.14
5ace20419fe7b01d5806c1d5,1.62,1.61,1.6,1.59,1.58,1.57,1.08,0.88,0.65,0.53,0.26,0.08,-0.04,-0.12,-0.15
5ace203e9fe7b01d5806c0fc,4.0,1.49,1.48,1.47,1.46,1.45,1.0,0.6,0.52,0.3,0.05,-0.16,-0.28,-0.34,-0.38
5ace203e9fe7b01d5806c0fd,1.76,1.75,0.93,0.92,0.68,0.56,0.51,0.3,0.19,0.07,-0.02,-0.11,-0.15,-0.22,-0.25
5ace203e9fe7b01d5806c126,-1.32,-1.33,-1.34,-1.35,-1.36,-1.37,-1.41,-1.42,-1.43,-1.55,-1.58,-1.63,-1.64,-1.67,-1.72
5ace20369fe7b01d5806be6f,1.02,0.09,0.08,-0.07,-0.18,-0.81,-0.96,-1.16,-1.17,-1.44,-1.49,-1.56,-1.58,-1.61,-1.62
5ace20359fe7b01d5806be15,0.98,0.97,0.96,0.95,0.43,0.27,-0.24,-0.67,-0.73,-0.85,-1.03,-1.04,-1.04,-1.06,-1.1
5ace20369fe7b01d5806be70,-1.55,-1.56,-2.4700000000000006,-2.4800000000000004,-2.49,-2.5,-2.51,-2.5100000000000002,-2.52,-2.53,-2.57,-2.58,-2.59,-2.59,-2.6
5ace203f9fe7b01d5806c138,3.53,3.52,0.68,0.67,0.66,0.65,0.33,0.31,0.25,-0.24,-0.4,-0.56,-0.67,-0.76,-0.8
5ace203e9fe7b01d5806c0fe,3.03,1.6,1.59,1.31,1.1,0.63,0.17,-0.02,-0.15,-0.45,-0.71,-0.86,-0.93,-0.99,-1.04
5ace20349fe7b01d5806bdb4,1.7,1.7,1.7,-0.87,-0.88,-0.89,-1.4,-1.41,-1.89,-2.64,-2.96,-3.05,-3.19,-3.23,-3.28
5ace20379fe7b01d5806bec2,0.5700000000000001,0.56,0.55,0.54,0.53,0.35,0.13,0.11,0.1,-0.21,-0.45,-0.6,-0.69,-0.71,-0.72
5ace203a9fe7b01d5806bfa2,3.7,1.65,1.64,1.63,1.43,1.42,1.41,1.29,1.11,0.89,0.73,0.58,0.49,0.46,0.42
5ace203a9fe7b01d5806bfaf,-0.8,-0.88,-0.89,-0.9,-1.08,-1.09,-1.16,-1.24,-1.31,-1.46,-1.71,-1.83,-1.92,-1.97,-2.01
5ace203a9fe7b01d5806bfbc,2.01,2.0,1.99,1.98,1.97,1.96,1.95,1.94,1.93,1.92,1.91,1.9,1.89,1.88,1.85
5ace203a9fe7b01d5806bfc7,1.49,1.48,1.1,1.0,0.51,0.35,-0.03,-0.14999999999999997,-0.15999999999999998,-0.16999999999999998,-0.18,-0.19,-0.2,-0.2,-0.25
5ace203a9fe7b01d5806bfbd,1.7,1.42,0.88,0.87,0.86,0.65,0.53,0.14,-0.07,-0.25,-0.58,-0.66,-0.75,-0.79,-0.8
5ace203a9fe7b01d5806bfb0,1.2,0.63,0.6,0.59,0.58,0.57,0.56,0.55,0.46,0.45,0.42,0.39,0.31,0.27,0.24
5ace203d9fe7b01d5806c0a2,0.99,0.98,0.84,0.83,0.36,0.29,0.27,-0.03,-0.04,-0.08000000000000002,-0.09000000000000001,-0.1,-0.11,-0.12,-0.14
5ace203d9fe7b01d5806c076,3.7,0.97,-0.8099999999999999,-0.82,-0.83,-0.84,-1.03,-1.19,-1.2,-1.48,-1.76,-1.96,-2.05,-2.1,-2.15
5ace20379fe7b01d5806bec5,-0.43999999999999995,-0.44999999999999996,-0.45999999999999996,-0.47,-0.82,-0.83,-0.96,-0.97,-0.98,-1.17,-1.23,-1.26,-1.26,-1.31,-1.32
5ace203f9fe7b01d5806c139,1.73,1.72,1.38,1.33,1.3,1.1400000000000001,1.1300000000000001,1.12,1.11,0.98,0.69,0.55,0.47,0.35,0.32
5ace20379fe7b01d5806beb2,4.0,3.92,2.13,1.53,1.18,0.99,0.98,0.78,0.64,0.33,0.13,-0.03,-0.16,-0.27,-0.35
5ace20379fe7b01d5806bed4,0.3,0.060000000000000005,0.05,0.04,-0.54,-0.6,-0.61,-0.75,-0.8,-0.82,-0.96,-1.0,-1.04,-1.04,-1.08
5ace203d9fe7b01d5806c077,2.6,1.49,1.23,1.22,1.21,0.83,0.82,0.74,0.62,0.31,0.12,0.0,-0.05,-0.09,-0.12
5ace203f9fe7b01d5806c17b,0.97,0.74,0.73,0.32,-0.06,-0.26,-0.45999999999999996,-0.47,-0.48,-0.64,-0.7,-0.81,-0.87,-0.93,-0.98
5ace203b9fe7b01d5806bfe1,4.0,0.89,0.88,0.87,0.86,0.85,0.72,0.58,0.33,-0.06,-0.22,-0.39,-0.45,-0.48,-0.55
5ace20349fe7b01d5806bdd6,-0.3,-1.73,-2.6400000000000023,-2.650000000000002,-2.660000000000002,-2.6700000000000017,-2.6800000000000015,-2.6900000000000013,-2.700000000000001,-2.710000000000001,-2.7200000000000006,-2.7300000000000004,-2.74,-2.74,-2.75
5ace20359fe7b01d5806bde9,0.13,0.12,0.11,0.03,-0.47,-0.63,-0.64,-0.84,-0.88,-0.89,-1.03,-1.07,-1.12,-1.2,-1.25
5ace20359fe7b01d5806bdf9,1.33,0.44,0.43,0.22,-0.42,-0.44,-0.48,-0.6799999999999999,-0.69,-0.8,-0.92,-0.97,-1.0,-1.0,-1.05
5ace20349fe7b01d5806bdbc,4.0,4.0,3.3499999999999996,3.34,3.19,3.18,2.13,2.07,2.04,1.8,1.76,1.69,1.56,1.54,1.51
5ace20359fe7b01d5806be08,1.7,-0.020000000000000025,-0.030000000000000027,-0.04000000000000003,-0.05000000000000003,-0.06000000000000003,-0.07000000000000003,-0.08000000000000003,-0.09000000000000002,-0.10000000000000002,-0.11000000000000001,-0.12000000000000001,-0.13,-0.14,-0.19
5ace20359fe7b01d5806be26,3.8,1.61,0.95,0.94,0.39,0.05,-0.37,-0.55,-0.77,-1.11,-1.29,-1.39,-1.47,-1.55,-1.56
5ace20379fe7b01d5806bed5,1.7,0.63,0.62,0.61,0.37,0.34,0.07,-0.06,-0.06,-0.11,-0.25,-0.32,-0.37,-0.4,-0.44
5ace20389fe7b01d5806bed8,0.43,-0.32,-1.9,-1.9799999999999998,-1.9899999999999998,-1.9999999999999998,-2.01,-2.0800000000000005,-2.0900000000000003,-2.1,-2.18,-2.2,-2.21,-2.23,-2.27
5ace203a9fe7b01d5806bfd4,4.0,2.0799999999999996,2.07,2.06,1.77,1.58,1.02,0.84,0.6,0.16,-0.2,-0.36,-0.4,-0.43,-0.45
5ace20399fe7b01d5806bf47,3.85,1.11,1.1,1.09,1.08,1.07,1.06,0.77,0.7,0.48,0.36,0.24,0.19,0.19,0.14
5ace20399fe7b01d5806bf58,3.2199999999999998,3.21,1.75,1.74,1.22,1.13,0.61,0.45,0.32,0.03,-0.2,-0.31,-0.42,-0.47,-0.47
5ace203a9fe7b01d5806bfd5,1.04,1.03,1.02,1.01,0.75,0.74,0.73,0.72,0.71,0.47,0.28,0.16,0.09,0.08,0.05
5ace203a9fe7b01d5806bfb1,-0.63,-0.64,-0.65,-0.66,-0.67,-0.68,-0.91,-0.99,-1.0,-1.13,-1.19,-1.19,-1.22,-1.25,-1.3
5ace203a9fe7b01d5806bfc8,2.9,2.38,1.99,1.95,1.23,1.22,0.97,0.86,0.59,0.11,-0.28,-0.45,-0.54,-0.6,-0.64
5ace203a9fe7b01d5806bfb2,0.4,0.20000000000000004,0.19000000000000003,0.18000000000000002,0.17,0.16,-0.03,-0.2,-0.22,-0.42,-0.48,-0.56,-0.6,-0.65,-0.67
5ace203a9fe7b01d5806bfc9,0.25,0.24000000000000002,0.23,0.22,0.21,0.04,-0.44,-0.8,-0.9,-1.18,-1.37,-1.48,-1.58,-1.62,-1.65
5ace203a9fe7b01d5806bfc0,1.13,0.93,0.01,0.0,-0.01,-0.02,-0.41,-0.54,-0.68,-0.74,-0.84,-0.9,-0.95,-0.98,-1.01
5ace203a9fe7b01d5806bfb3,-0.45999999999999996,-0.47,-0.48,-0.49,-0.87,-0.88,-0.9199999999999999,-0.9299999999999999,-0.94,-0.95,-0.96,-0.97,-0.98,-0.98,-1.02
5ace203a9fe7b01d5806bfc1,1.8,1.43,1.42,1.41,0.88,0.52,0.44,0.22,0.09,-0.31,-0.55,-0.62,-0.66,-0.66,-0.7
5ace203a9fe7b01d5806bfcb,2.05,0.67,0.15000000000000002,0.14,0.13,0.12,0.03,-0.1,-0.22,-0.42,-0.58,-0.64,-0.75,-0.77,-0.79
5ace203d9fe7b01d5806c0c1,3.85,1.62,1.61,1.6,1.45,1.44,0.96,0.7,0.57,0.24,0.05,-0.14,-0.25,-0.32,-0.37
5ace20369fe7b01d5806be3b,1.83,1.82,0.42,0.41,0.38,0.37,0.36,0.15,0.15,0.09,-0.15,-0.23,-0.33,-0.4,-0.42
5ace20399fe7b01d5806bf48,3.28,2.97,2.05,1.96,1.69,1.33,1.04,0.76,0.66,0.38,0.03,-0.15,-0.25,-0.32,-0.34
5ace203a9fe7b01d5806bfb4,3.7,3.5399999999999996,3.53,3.52,3.38,3.0,2.75,2.42,2.19,1.98,1.88,1.76,1.67,1.63,1.57
5ace203a9fe7b01d5806bfcc,3.85,1.23,1.1300000000000001,1.12,1.11,1.1,0.78,0.31,0.05,-0.25,-0.61,-0.86,-0.92,-0.99,-1.05
5ace203f9fe7b01d5806c166,2.33,1.55,1.37,1.36,0.99,0.59,0.4,0.16,0.04,-0.15,-0.45,-0.58,-0.64,-0.69,-0.73
5ace203f9fe7b01d5806c152,0.87,0.86,0.85,0.84,0.32,-0.01,-0.19,-0.2,-0.4,-0.64,-0.89,-1.03,-1.15,-1.23,-1.26
5ace203f9fe7b01d5806c153,1.91,1.9,0.15000000000000002,0.14,0.13,0.06,-0.4,-0.54,-0.69,-1.08,-1.42,-1.52,-1.59,-1.66,-1.69
5ace20399fe7b01d5806bf6b,4.0,0.96,0.95,0.94,0.83,0.82,0.7,0.51,0.45,0.32,-0.07,-0.22,-0.3,-0.36,-0.4
5ace20369fe7b01d5806be83,2.0899999999999994,2.0799999999999996,2.07,1.97,1.96,1.95,1.94,1.63,1.63,1.25,1.19,1.05,0.91,0.85,0.83
5ace203e9fe7b01d5806c0ff,2.23,0.84,0.01,-0.18,-0.34,-0.45,-0.69,-0.78,-0.8,-0.96,-1.13,-1.2,-1.26,-1.29,-1.31
5ace20369fe7b01d5806be84,1.8,1.54,0.77,0.76,0.75,0.68,0.56,0.55,0.54,0.38,0.21,0.01,-0.07,-0.15,-0.19
5ace203c9fe7b01d5806c068,2.8799999999999994,2.8699999999999997,2.86,2.32,1.61,1.56,1.17,0.99,0.74,0.22,-0.07,-0.2,-0.29,-0.34,-0.37
5ace20379fe7b01d5806bea2,1.8,0.78,0.77,0.76,0.49,0.4100000000000001,0.4000000000000001,0.39000000000000007,0.38000000000000006,0.37000000000000005,0.36000000000000004,0.35000000000000003,0.34,0.33,0.31
5ace203e9fe7b01d5806c0dd,2.47,1.03,1.02,1.01,1.0,0.82,0.76,0.62,0.51,0.42,0.29,0.17,0.12,0.09,0.07
5ace20349fe7b01d5806bdb6,-0.07000000000000002,-0.08000000000000002,-0.09000000000000001,-0.1,-0.19999999999999998,-0.21,-0.22,-0.28,-0.32,-0.54,-0.65,-0.72,-0.79,-0.84,-0.87
5ace203e9fe7b01d5806c0f4,1.77,0.24,-0.78,-0.78,-0.79,-0.8,-0.98,-1.06,-1.17,-1.34,-1.48,-1.58,-1.63,-1.69,-1.73
5ace20419fe7b01d5806c1dd,-0.16999999999999996,-0.17999999999999997,-0.18999999999999997,-0.19999999999999998,-0.21,-0.22,-0.5,-0.67,-0.8,-1.09,-1.31,-1.43,-1.46,-1.49,-1.5
5ace20369fe7b01d5806be77,1.0,0.86,0.85,0.84,0.83,0.34,0.29,0.11,0.11,0.1,-0.16,-0.32,-0.35,-0.37,-0.42
5ace20379fe7b01d5806bec6,4.0,2.77,1.83,1.82,1.2,1.19,1.16,1.04,0.98,0.69,0.45,0.28,0.21,0.12,0.06
5ace20399fe7b01d5806bf50,0.42000000000000004,0.41000000000000003,0.4,0.39,0.38,0.37,0.02,-0.06,-0.18,-0.47,-0.7,-0.84,-0.93,-0.98,-1.04
5ace20399fe7b01d5806bf49,-0.26999999999999996,-0.27999999999999997,-0.29,-0.3,-0.31,-0.38999999999999996,-0.39999999999999997,-0.41,-0.42,-0.43,-0.44,-0.45,-0.46,-0.47,-0.48
5ace20399fe7b01d5806bf43,3.78,1.42,1.34,1.12,0.59,0.31,-0.07,-0.4,-0.49,-0.74,-0.92,-1.03,-1.08,-1.16,-1.24
5ace20379fe7b01d5806beb3,0.19000000000000006,0.18000000000000005,0.17000000000000004,0.16000000000000003,0.15000000000000002,0.14,0.13,0.09999999999999999,0.09,0.06,0.0,-0.06,-0.09,-0.12,-0.16
5ace203a9fe7b01d5806bf86,1.7,1.17,0.79,0.78,0.77,0.76,0.75,0.6,0.48,0.11,-0.04,-0.17,-0.25,-0.32,-0.32
5ace203c9fe7b01d5806c069,1.27,0.97,-1.01,-1.1199999999999999,-1.13,-1.14,-1.15,-1.19,-1.34,-1.69,-1.84,-1.95,-1.98,-2.02,-2.03
5ace20379fe7b01d5806bea4,0.76,0.75,0.74,0.73,-0.03,-0.19,-0.53,-0.65,-0.83,-1.05,-1.17,-1.34,-1.4,-1.49,-1.54
5ace203e9fe7b01d5806c100,3.7,1.95,1.03,1.01,1.0,0.99,0.46,0.43,0.38,0.06,-0.17,-0.33,-0.42,-0.48,-0.52
5ace20399fe7b01d5806bf6d,3.7,3.7,2.53,2.52,1.0,0.9900000000000001,0.9800000000000001,0.9700000000000001,0.9600000000000001,0.9500000000000001,0.9400000000000001,0.93,0.92,0.91,0.87
5ace203a9fe7b01d5806bf87,4.0,2.84,1.8800000000000001,1.87,1.6,1.24,1.18,1.18,0.98,0.63,0.52,0.35,0.27,0.23,0.2
5ace20419fe7b01d5806c1d4,1.7,1.7,1.7,-0.5599999999999999,-0.57,-0.58,-0.67,-0.68,-1.15,-1.54,-1.91,-2.21,-2.49,-2.56,-2.63
5ace203f9fe7b01d5806c131,-0.19,-0.2,-0.23,-0.71,-0.72,-0.8,-0.83,-0.92,-0.93,-0.96,-0.99,-1.04,-1.09,-1.11,-1.14
5ace20369fe7b01d5806be85,3.9,2.9,2.6399999999999997,2.63,1.96,1.95,1.94,1.69,1.64,1.34,1.16,0.97,0.81,0.74,0.69
5ace203e9fe7b01d5806c0d0,2.48,2.47,2.31,1.98,1.97,1.74,1.33,1.07,1.06,0.7,0.46,0.32,0.24,0.08,0.03
5ace203a9fe7b01d5806bfd6,-1.3699999999999999,-1.38,-1.39,-1.4,-1.64,-1.65,-1.65,-1.82,-1.92,-2.04,-2.05,-2.09,-2.11,-2.11,-2.11
5ace203e9fe7b01d5806c0d1,1.7,1.06,1.05,0.77,0.76,0.37,0.02,0.01,-0.06,-0.4,-0.58,-0.67,-0.76,-0.84,-0.88
5ace203d9fe7b01d5806c0a4,0.37000000000000005,0.36000000000000004,0.35000000000000003,0.34,0.33,0.32,-0.07,-0.28,-0.53,-0.84,-1.05,-1.25,-1.29,-1.37,-1.4
5ace203d9fe7b01d5806c07a,2.13,-0.8,-0.99,-1.45,-1.53,-1.65,-1.66,-1.86,-1.93,-2.14,-2.22,-2.2300000000000004,-2.24,-2.24,-2.24
5ace203b9fe7b01d5806bfe2,2.0499999999999994,2.0399999999999996,2.03,2.02,1.71,1.49,1.05,0.88,0.71,0.27,-0.02,-0.24,-0.44,-0.57,-0.58
5ace203e9fe7b01d5806c0de,2.32,2.31,1.64,1.63,1.49,1.48,1.29,1.05,0.96,0.85,0.66,0.49,0.41,0.39,0.35
5ace203f9fe7b01d5806c135,2.4499999999999997,2.44,2.43,2.2,1.93,1.92,1.91,1.9,1.85,1.68,1.6300000000000001,1.62,1.56,1.53,1.51
5ace203e9fe7b01d5806c0f5,-0.39999999999999997,-0.41,-0.42,-0.43,-0.44,-0.61,-0.62,-0.63,-0.64,-1.07,-1.24,-1.3,-1.31,-1.36,-1.37
5ace203f9fe7b01d5806c16f,2.1599999999999997,2.15,2.14,1.91,0.66,0.6000000000000001,0.5900000000000001,0.5800000000000001,0.5700000000000001,0.56,0.44,0.37,0.36,0.32,0.28
5ace203f9fe7b01d5806c154,2.85,1.6600000000000001,1.6500000000000001,1.6400000000000001,1.6300000000000001,1.62,1.19,0.79,0.72,0.52,0.43,0.3,0.21,0.17,0.12
5ace20369fe7b01d5806be79,0.56,0.55,0.54,0.53,0.52,0.51,0.45,0.44,0.43,0.29,0.16,0.1,0.08,0.06,0.04
5ace203e9fe7b01d5806c101,1.52,1.51,1.5,1.49,1.48,1.47,1.46,1.08,0.95,0.49,0.28,0.01,-0.11,-0.18,-0.22
5ace203e9fe7b01d5806c102,3.7,3.7,1.32,1.31,1.3,1.29,0.44,0.26,0.24,0.02,-0.28,-0.37,-0.42,-0.52,-0.55
5ace203e9fe7b01d5806c0f6,0.74,0.73,0.72,0.71,0.7,0.69,0.63,0.62,0.61,0.6,0.55,0.47,0.46,0.41,0.35
5ace203e9fe7b01d5806c103,3.7,0.10999999999999999,0.09999999999999999,0.09,-0.38,-0.68,-0.75,-0.84,-0.86,-1.15,-1.32,-1.45,-1.5,-1.57,-1.59
5ace203e9fe7b01d5806c104,0.8200000000000001,0.81,0.8,0.79,0.78,0.33,-0.05,-0.29,-0.32,-0.54,-0.56,-0.71,-0.76,-0.81,-0.83
5ace20379fe7b01d5806be9b,2.47,1.97,1.96,1.95,1.72,1.65,1.46,0.99,0.92,0.49,0.11,-0.03,-0.19,-0.3,-0.35
5ace20379fe7b01d5806be9c,-0.6599999999999999,-0.6699999999999999,-0.6799999999999999,-0.69,-0.7,-0.71,-0.72,-0.81,-0.85,-0.97,-1.08,-1.16,-1.2,-1.24,-1.28
5ace203f9fe7b01d5806c17d,0.45,-0.96,-0.97,-0.98,-0.99,-1.0,-1.17,-1.22,-1.22,-1.36,-1.46,-1.47,-1.53,-1.54,-1.54
5ace20359fe7b01d5806be10,1.13,0.22,-0.39,-0.6799999999999999,-0.69,-0.7,-0.71,-0.96,-1.11,-1.52,-1.76,-1.8,-1.93,-1.99,-2.01
5ace20359fe7b01d5806be11,-0.13999999999999999,-0.15,-0.98,-0.99,-1.0,-1.01,-1.02,-1.29,-1.33,-1.69,-1.73,-1.83,-1.91,-1.93,-1.94
5ace20369fe7b01d5806be7a,1.78,1.46,1.17,1.16,1.15,0.66,0.45,0.3,0.28,0.13,0.06,-0.06,-0.1,-0.14,-0.19
5ace20359fe7b01d5806be27,-0.41,-0.42,-0.43,-0.44,-0.45,-0.72,-0.83,-1.01,-1.02,-1.14,-1.2,-1.22,-1.24,-1.27,-1.32
5ace20359fe7b01d5806be2f,0.64,0.63,0.62,0.54,0.16,-0.21,-0.22,-0.35,-0.38,-0.43,-0.44,-0.45,-0.47,-0.49,-0.51
5ace20359fe7b01d5806be30,2.059999999999999,2.0499999999999994,2.0399999999999996,2.03,2.02,1.51,1.42,1.33,1.32,1.31,1.22,1.22,1.21,1.17,1.1
5ace20359fe7b01d5806be23,0.03,0.02,0.01,0.0,-0.38,-0.45999999999999996,-0.47,-0.48,-0.55,-0.74,-0.92,-1.01,-1.09,-1.14,-1.16
5ace203e9fe7b01d5806c105,0.6,0.59,0.58,0.57,-0.01,-0.11,-0.2,-0.59,-0.64,-0.86,-1.06,-1.21,-1.25,-1.31,-1.34
5ace203e9fe7b01d5806c106,0.8800000000000001,0.8700000000000001,0.8600000000000001,0.8500000000000001,0.8400000000000001,0.8300000000000001,0.8200000000000001,0.81,0.8,0.71,0.64,0.58,0.52,0.5,0.44
5ace20379fe7b01d5806beb4,1.7,0.68,0.67,0.66,0.65,0.59,0.3,0.14,0.13,-0.21,-0.24,-0.39,-0.43,-0.49,-0.55
5ace20359fe7b01d5806be09,1.7,-0.59,-0.6,-0.61,-0.62,-0.63,-0.64,-1.23,-1.33,-1.47,-1.48,-1.52,-1.56,-1.57,-1.57
5ace20399fe7b01d5806bf4b,3.7,0.08,0.07,0.060000000000000005,0.05,0.04,0.03,-0.03,-0.15,-0.44,-0.68,-0.8,-0.92,-1.0,-1.0
5ace20379fe7b01d5806be9d,-0.11,-0.12,-1.1,-1.11,-1.12,-1.7,-1.74,-1.8699999999999999,-1.88,-2.01,-2.11,-2.16,-2.19,-2.23,-2.26
5ace203f9fe7b01d5806c170,2.1499999999999995,2.1399999999999997,2.13,2.12,1.57,1.28,1.14,1.04,0.95,0.73,0.52,0.4,0.37,0.31,0.25
5ace20419fe7b01d5806c1de,0.45000000000000007,0.44000000000000006,0.43000000000000005,0.42000000000000004,0.41000000000000003,0.4,0.39,0.25,0.22,0.0,-0.12,-0.15,-0.2,-0.2,-0.22
5ace20389fe7b01d5806bed9,1.88,0.46,-0.19,-0.3,-0.31,-0.32,-0.33,-0.44,-0.44,-0.57,-0.77,-0.83,-0.88,-0.9,-0.91
5ace203a9fe7b01d5806bfa3,4.0,2.2,1.56,1.54,1.53,0.91,0.8300000000000001,0.8200000000000001,0.81,0.62,0.6,0.54,0.52,0.5,0.47
5ace203a9fe7b01d5806bfce,1.23,1.22,1.21,0.17,-0.07,-0.08,-0.54,-0.95,-1.24,-1.56,-1.85,-2.01,-2.17,-2.26,-2.32
5ace20419fe7b01d5806c1df,1.6400000000000001,1.6300000000000001,1.62,1.61,1.6,1.59,1.33,1.0,0.82,0.34,0.08,-0.07,-0.14,-0.28,-0.34
5ace203a9fe7b01d5806bfa4,3.8,2.9,1.41,1.4,1.11,0.99,0.57,0.39,0.36,0.09,-0.16,-0.26,-0.3,-0.33,-0.38
5ace20379fe7b01d5806be8d,0.18,-0.09000000000000001,-0.1,-0.11,-0.13,-0.6,-0.75,-0.76,-0.77,-0.93,-1.08,-1.1,-1.12,-1.16,-1.19
5ace203f9fe7b01d5806c155,0.39,0.38,0.33,0.32,0.31,0.3,-0.039999999999999994,-0.049999999999999996,-0.06,-0.37,-0.58,-0.71,-0.77,-0.87,-0.88
5ace20379fe7b01d5806becd,2.43,0.63,0.09,-0.060000000000000005,-0.07,-0.22,-0.49,-0.72,-0.79,-0.88,-0.95,-1.09,-1.15,-1.17,-1.2
5ace203f9fe7b01d5806c132,0.2,0.07,0.060000000000000005,0.05,-0.019999999999999997,-0.03,-0.28,-0.45,-0.49,-0.59,-0.62,-0.6799999999999999,-0.69,-0.7,-0.72
5ace203f9fe7b01d5806c13f,4.0,2.8,1.85,1.84,1.63,1.35,1.25,0.85,0.78,0.63,0.47,0.37,0.3,0.25,0.21
5ace20369fe7b01d5806be71,-0.67,-1.55,-1.56,-1.57,-1.58,-1.59,-1.6,-1.71,-1.86,-1.89,-1.9,-1.91,-1.92,-1.93,-1.94
5ace203b9fe7b01d5806bfe4,3.7,2.9,2.7699999999999996,2.76,2.75,2.74,2.36,2.34,2.3,2.13,1.98,1.89,1.81,1.69,1.66
5ace203e9fe7b01d5806c127,3.36,1.59,1.58,1.57,1.56,1.1,1.07,0.96,0.82,0.64,0.52,0.43,0.33,0.3,0.28
5ace203f9fe7b01d5806c133,-0.73,-0.74,-0.75,-0.76,-0.77,-0.78,-0.89,-0.91,-0.95,-1.04,-1.2,-1.3,-1.36,-1.39,-1.39
5ace20389fe7b01d5806beda,2.5799999999999996,2.57,1.69,1.68,0.6,0.5,0.44,0.19,0.05,-0.08,-0.26,-0.38,-0.49,-0.53,-0.57
5ace203a9fe7b01d5806bfa5,1.85,1.84,0.53,0.52,0.42,0.06,0.01,0.0,-0.1,-0.24,-0.38,-0.45,-0.53,-0.59,-0.59
5ace203a9fe7b01d5806bfd9,2.71,2.7,2.38,1.47,1.25,1.24,1.05,1.04,0.89,0.58,0.47,0.35,0.23,0.17,0.14
5ace203e9fe7b01d5806c10c,-1.07,-1.08,-1.09,-1.1,-1.11,-1.12,-1.24,-1.34,-1.35,-1.53,-1.66,-1.75,-1.79,-1.83,-1.84
5ace20379fe7b01d5806be9e,1.43,1.42,1.24,1.23,0.54,0.53,0.21,0.13,0.01,-0.26,-0.36,-0.41,-0.48,-0.51,-0.51
5ace203e9fe7b01d5806c107,2.61,2.6,0.65,0.64,0.63,0.19,-0.05,-0.15,-0.27,-0.61,-0.78,-0.97,-1.01,-1.05,-1.05
5ace20389fe7b01d5806bedb,1.7,-0.32999999999999996,-0.33999999999999997,-0.35,-0.36,-0.57,-0.71,-0.9,-0.92,-1.16,-1.16,-1.23,-1.24,-1.26,-1.29
5ace20419fe7b01d5806c1d6,1.4,0.51,0.5,0.28,0.27,0.26,0.2,0.0,-0.05,-0.37,-0.63,-0.81,-0.89,-0.95,-0.99
5ace20379fe7b01d5806be91,2.37,1.04,0.66,0.65,0.43,0.42,0.36,0.17,0.12,-0.07,-0.3,-0.41,-0.47,-0.52,-0.56
5ace203f9fe7b01d5806c128,2.4,-0.17,-0.2899999999999999,-0.29999999999999993,-0.30999999999999994,-0.31999999999999995,-0.32999999999999996,-0.33999999999999997,-0.35,-0.36,-0.36,-0.39,-0.42,-0.42,-0.45
5ace203f9fe7b01d5806c129,1.85,1.55,0.74,0.07,-0.25,-0.26,-0.7,-0.96,-1.06,-1.4,-1.5,-1.59,-1.62,-1.67,-1.71
5ace203a9fe7b01d5806bf7e,0.09,0.08,0.07,0.06000000000000001,0.05000000000000001,0.04000000000000001,0.030000000000000006,0.020000000000000004,0.010000000000000004,3.469446951953614e-18,-0.009999999999999997,-0.019999999999999997,-0.03,-0.05,-0.06
5ace20399fe7b01d5806bf59,1.5,1.49,1.24,0.63,0.62,0.61,0.37,0.16,0.09,-0.2,-0.39,-0.52,-0.63,-0.71,-0.71
5ace20399fe7b01d5806bf5a,1.97,-0.42,-0.43,-0.44,-0.86,-0.87,-0.88,-1.09,-1.1,-1.21,-1.28,-1.32,-1.34,-1.36,-1.41
5ace20389fe7b01d5806bedc,2.95,0.9,0.77,0.76,0.75,0.68,0.53,0.37,0.15,-0.15,-0.25,-0.38,-0.45,-0.46,-0.51
5ace20419fe7b01d5806c1e0,2.55,0.76,0.75,0.29,0.060000000000000005,0.05,-0.07,-0.2,-0.24,-0.41,-0.62,-0.71,-0.73,-0.79,-0.83
5ace203b9fe7b01d5806bfe5,3.9,2.88,1.02,1.01,1.0,0.99,0.49,0.1,0.02,-0.29,-0.61,-0.74,-0.84,-0.85,-0.88
5ace203d9fe7b01d5806c07b,2.37,0.61,0.34,0.33,0.32,0.31,0.27,0.04,-0.11,-0.3,-0.51,-0.61,-0.65,-0.66,-0.69
5ace203f9fe7b01d5806c171,0.65,0.64,0.63,0.62,0.43,0.42,0.32,0.16,0.12,-0.25,-0.49,-0.67,-0.79,-0.86,-0.92
5ace203e9fe7b01d5806c11d,-0.25999999999999995,-0.26999999999999996,-0.27999999999999997,-0.29,-0.6799999999999999,-0.69,-0.78,-0.97,-0.98,-1.11,-1.27,-1.44,-1.51,-1.57,-1.61
5ace20379fe7b01d5806bece,0.46,0.45,0.44,0.43,0.42,0.31,0.16,-0.03,-0.11,-0.44,-0.66,-0.82,-0.96,-1.03,-1.06
5ace20379fe7b01d5806bea5,0.13999999999999999,0.12999999999999998,0.11999999999999998,0.10999999999999999,0.09999999999999999,0.09,-0.09,-0.34,-0.43,-0.72,-0.88,-0.96,-1.02,-1.03,-1.05
5ace20379fe7b01d5806bea6,3.7,1.48,0.19,0.18,0.12,0.11,0.1,0.0,-0.01,-0.17,-0.36,-0.49,-0.58,-0.62,-0.66
5ace203e9fe7b01d5806c108,2.3099999999999996,2.3,1.47,1.4,0.62,0.61,0.12,-0.28,-0.45,-0.77,-0.98,-1.18,-1.23,-1.29,-1.33
5ace20349fe7b01d5806bdbd,-0.08000000000000003,-0.09000000000000002,-0.10000000000000002,-0.11000000000000001,-0.12000000000000001,-0.13,-0.14,-0.32,-0.36,-0.55,-0.64,-0.67,-0.6799999999999999,-0.69,-0.7
5ace20349fe7b01d5806bdde,1.7,-0.15999999999999998,-0.16999999999999998,-0.18,-0.18,-0.19,-0.29,-0.3,-0.31,-0.45,-0.54,-0.57,-0.6,-0.64,-0.65
5ace203e9fe7b01d5806c0df,0.13999999999999999,0.12999999999999998,0.11999999999999998,0.10999999999999999,0.09999999999999999,0.09,0.08,0.07,0.060000000000000005,0.05,0.04,0.03,0.02,-0.01,-0.02
5ace203e9fe7b01d5806c0e0,-0.73,-0.74,-0.75,-0.76,-0.77,-0.78,-0.79,-0.95,-0.96,-1.18,-1.37,-1.48,-1.54,-1.59,-1.62
5ace20369fe7b01d5806be3c,1.33,0.59,0.58,0.48,-0.03,-0.44,-0.68,-0.88,-1.04,-1.46,-1.75,-1.92,-1.95,-1.99,-2.0
5ace203b9fe7b01d5806bfe6,1.67,1.66,0.9600000000000001,0.9500000000000001,0.9400000000000001,0.93,0.73,0.64,0.43,0.23,0.16,0.04,0.01,-0.05,-0.08
5ace20399fe7b01d5806bf53,1.6,1.59,1.58,1.57,1.0,0.61,0.33,0.01,-0.15,-0.67,-0.93,-1.09,-1.18,-1.27,-1.29
5ace20379fe7b01d5806bea7,0.49000000000000005,0.48000000000000004,0.47000000000000003,0.46,0.45,0.21000000000000002,0.2,0.09,0.07,-0.15,-0.31,-0.5,-0.6,-0.66,-0.7
5ace203f9fe7b01d5806c147,3.76,3.14,1.83,1.82,1.81,1.8,1.66,1.6300000000000001,1.62,1.52,1.31,1.16,1.08,1.0,0.94
5ace20419fe7b01d5806c1d7,2.7,0.26,0.25,0.24,-0.3,-0.31,-0.55,-0.6,-0.69,-0.78,-1.02,-1.15,-1.21,-1.26,-1.28
5ace203f9fe7b01d5806c140,1.56,1.55,1.54,1.53,1.38,1.17,0.97,0.87,0.86,0.65,0.37,0.27,0.19,0.1,0.1
5ace203f9fe7b01d5806c141,2.17,0.55,0.54,0.53,0.52,0.01,-0.05,-0.3,-0.43,-0.55,-0.69,-0.84,-0.93,-0.97,-1.0
5ace203f9fe7b01d5806c142,4.0,0.10999999999999999,0.09999999999999999,0.09,0.01,-0.18,-0.19,-0.52,-0.55,-0.76,-0.77,-0.78,-0.79,-0.8,-0.85
5ace20399fe7b01d5806bf44,0.18000000000000002,0.17,0.16,0.15,-0.39,-0.49,-0.97,-1.04,-1.24,-1.51,-1.7,-1.81,-1.89,-1.93,-1.97
5ace20359fe7b01d5806be16,1.45,1.44,1.43,1.42,1.41,1.04,1.03,0.89,0.88,0.71,0.59,0.5700000000000001,0.56,0.55,0.48
5ace20349fe7b01d5806bdd8,1.98,1.97,0.39,0.38,-0.44,-0.45,-0.78,-0.78,-0.81,-1.2,-1.36,-1.46,-1.47,-1.52,-1.58
5ace20359fe7b01d5806be31,1.21,1.2,1.19,1.18,1.17,1.16,1.11,0.93,0.92,0.88,0.61,0.52,0.44,0.4,0.39
5ace203f9fe7b01d5806c13a,2.34,1.32,1.31,1.3,0.92,0.91,0.63,0.46,0.37,0.01,-0.17,-0.33,-0.38,-0.45,-0.49
5ace20419fe7b01d5806c1d8,1.7,0.92,0.91,0.9,0.89,0.88,0.55,0.45,0.34,0.07,-0.21,-0.43,-0.52,-0.58,-0.64
5ace20419fe7b01d5806c1d9,0.55,0.54,0.53,0.52,0.44,0.43,0.42,0.27,0.12,-0.02,-0.22,-0.34,-0.34,-0.39,-0.41
5ace203e9fe7b01d5806c0f7,2.9,2.89,2.69,2.37,1.99,1.93,1.49,1.18,1.18,0.97,0.83,0.71,0.6,0.55,0.52
5ace20369fe7b01d5806be7b,-0.6599999999999999,-0.6699999999999999,-0.6799999999999999,-0.69,-0.7,-1.02,-1.59,-1.6199999999999999,-1.63,-1.66,-1.79,-1.83,-1.87,-1.91,-1.96
5ace20379fe7b01d5806beb5,4.0,1.33,-0.03,-0.25,-0.33,-0.73,-0.9,-1.2,-1.48,-1.9,-2.19,-2.38,-2.5,-2.56,-2.59
5ace20389fe7b01d5806bedd,1.7,-0.7,-0.71,-0.72,-0.73,-0.74,-0.75,-0.8099999999999999,-0.82,-1.36,-1.8,-2.02,-2.08,-2.15,-2.21
5ace203a9fe7b01d5806bf89,4.0,2.4099999999999997,2.4,2.39,2.08,1.86,1.26,1.21,1.2,1.06,0.79,0.72,0.64,0.61,0.61
5ace203f9fe7b01d5806c15b,2.85,1.79,1.78,1.77,1.22,1.21,0.94,0.6900000000000001,0.68,0.63,0.56,0.54,0.47,0.4,0.37
5ace20399fe7b01d5806bf54,2.2799999999999994,2.2699999999999996,2.26,2.25,2.11,1.95,1.7,1.5,1.49,1.23,0.99,0.8,0.68,0.6,0.55
5ace203f9fe7b01d5806c17e,1.57,0.66,-0.12000000000000001,-0.13,-0.14,-0.24,-0.25,-0.26,-0.27,-0.53,-0.72,-0.81,-0.85,-0.89,-0.9
5ace20379fe7b01d5806be86,0.43,-0.35,-0.36,-0.37,-0.38,-0.72,-0.77,-0.78,-0.79,-0.8,-0.87,-0.9,-0.93,-0.95,-1.0
5ace20359fe7b01d5806bdfc,3.7,-0.15,-0.15,-2.08,-2.7800000000000007,-2.7900000000000005,-2.8000000000000003,-2.81,-2.82,-3.25,-3.37,-3.38,-3.42,-3.42,-3.43
5ace20379fe7b01d5806be87,0.05,0.04,0.03,0.02,0.01,0.0,-0.029999999999999992,-0.039999999999999994,-0.049999999999999996,-0.06,-0.25,-0.46,-0.57,-0.64,-0.68
5ace20369fe7b01d5806be7d,2.78,1.99,1.92,1.91,1.38,1.35,1.2,1.19,1.14,0.94,0.74,0.58,0.47,0.39,0.36
5ace20359fe7b01d5806be04,4.0,2.4,1.95,1.94,1.6,1.59,1.58,1.57,1.54,1.53,1.52,1.51,1.5,1.49,1.48
5ace20379fe7b01d5806bead,3.85,1.23,0.37,0.01,0.0,-0.01,-0.13,-0.29,-0.47,-0.6,-0.75,-0.88,-0.95,-0.97,-0.98
5ace20379fe7b01d5806beb6,2.329999999999999,2.3199999999999994,2.3099999999999996,2.3,1.99,1.61,1.08,0.98,0.97,0.83,0.64,0.46,0.39,0.35,0.29
5ace20379fe7b01d5806bea8,1.6,0.75,-1.1,-1.11,-1.12,-1.2,-1.21,-1.37,-1.45,-1.6,-1.81,-1.93,-1.95,-1.98,-2.01
5ace20419fe7b01d5806c1da,1.74,1.73,1.0,0.99,0.76,0.64,0.5,0.06,0.02,-0.19,-0.34,-0.46,-0.49,-0.56,-0.61
5ace203d9fe7b01d5806c0c3,2.9,0.57,-0.27,-0.53,-0.54,-0.76,-1.28,-1.46,-1.57,-1.74,-1.92,-2.06,-2.1,-2.15,-2.17
5ace203f9fe7b01d5806c13b,4.0,0.92,0.91,0.9,0.85,0.68,0.59,0.3,0.25,-0.17,-0.53,-0.73,-0.84,-0.93,-0.99
5ace203d9fe7b01d5806c07c,-0.2,-1.75,-1.96,-1.97,-1.98,-2.12,-2.13,-2.18,-2.21,-2.250000000000001,-2.2600000000000007,-2.2700000000000005,-2.2800000000000002,-2.29,-2.3
5ace203e9fe7b01d5806c10d,-0.24999999999999994,-0.25999999999999995,-0.26999999999999996,-0.27999999999999997,-0.29,-0.57,-0.78,-0.99,-0.99,-1.26,-1.48,-1.59,-1.63,-1.7,-1.71
5ace203e9fe7b01d5806c10e,1.7,0.25,-0.51,-0.52,-0.52,-0.55,-0.84,-0.85,-0.89,-1.03,-1.14,-1.22,-1.22,-1.26,-1.28
5ace203e9fe7b01d5806c10f,2.57,1.77,0.31,0.04,-0.5,-0.51,-1.0,-1.15,-1.22,-1.59,-1.82,-1.92,-2.0,-2.02,-2.02
5ace203d9fe7b01d5806c099,1.7,0.65,0.64,0.63,0.42,0.38,0.29,0.1,0.01,-0.28,-0.57,-0.7,-0.81,-0.88,-0.91
5ace203d9fe7b01d5806c0ad,0.19000000000000003,0.18000000000000002,0.17,0.16,0.15,-0.05,-0.18,-0.44,-0.64,-0.83,-0.97,-1.07,-1.14,-1.16,-1.18
5ace20399fe7b01d5806bf74,4.0,1.92,0.9,0.89,0.86,0.85,0.67,0.64,0.61,0.32,0.13,0.03,-0.08,-0.11,-0.12
5ace203f9fe7b01d5806c15c,4.0,1.0,-0.07,-0.08,-0.09,-0.1,-0.24,-0.46,-0.57,-0.96,-1.16,-1.29,-1.43,-1.49,-1.5
5ace20399fe7b01d5806bf75,1.42,1.41,1.4,1.39,1.06,0.98,0.97,0.7,0.47,0.21,0.06,-0.16,-0.27,-0.35,-0.42
5ace20399fe7b01d5806bf76,4.0,1.81,1.8,1.79,1.78,1.77,1.76,1.75,1.45,1.25,1.12,0.95,0.89,0.86,0.8
5ace20359fe7b01d5806bdf2,4.0,0.96,0.76,0.75,0.74,0.3,0.09,-0.29,-0.3,-0.69,-0.96,-1.18,-1.27,-1.33,-1.38
5ace203f9fe7b01d5806c17f,-1.25,-1.26,-1.27,-1.28,-1.29,-1.3,-1.31,-1.43,-1.44,-1.6,-1.63,-1.71,-1.71,-1.74,-1.74
5ace203f9fe7b01d5806c180,3.7,0.46,0.45,0.44,0.43,0.42,0.28,0.1,0.01,-0.27,-0.52,-0.7,-0.81,-0.85,-0.87
5ace20399fe7b01d5806bf6e,1.7,1.37,1.36,1.35,0.71,0.63,0.62,0.48,0.3,-0.05,-0.32,-0.47,-0.6,-0.66,-0.72
5ace20369fe7b01d5806be7e,3.7,1.3800000000000001,1.37,1.11,0.66,0.65,-0.07,-0.24,-0.25,-0.36,-0.4,-0.46,-0.48,-0.49,-0.53
5ace203c9fe7b01d5806c06c,3.7,1.96,1.31,1.15,1.12,1.11,0.68,0.45,0.39,0.05,-0.14,-0.29,-0.38,-0.43,-0.48
5ace20399fe7b01d5806bf6f,4.0,2.34,2.059999999999999,2.0499999999999994,2.0399999999999996,2.03,1.85,1.73,1.6,1.35,1.16,1.01,0.88,0.83,0.81
5ace20379fe7b01d5806bec7,-0.1,-0.5199999999999999,-0.5299999999999999,-0.5399999999999999,-0.5499999999999999,-0.5599999999999999,-0.57,-0.62,-0.62,-0.8,-0.82,-0.9,-0.94,-0.96,-0.96
5ace20359fe7b01d5806be12,1.7,1.26,1.1,0.94,0.83,0.82,0.68,0.49,0.44,0.27,0.2,0.11,0.0,-0.04,-0.05
5ace20349fe7b01d5806bdb7,0.47,-0.28,-0.44999999999999996,-0.45999999999999996,-0.47,-0.65,-0.79,-0.99,-1.12,-1.6,-1.81,-1.98,-2.03,-2.09,-2.12
5ace20379fe7b01d5806bea9,2.28,2.27,0.62,0.61,0.6,0.45,0.44,0.41,0.37,0.26,0.07,-0.01,-0.09,-0.16,-0.24
5ace203f9fe7b01d5806c15d,3.7,0.09,0.08,0.07,-0.35,-0.62,-0.63,-0.72,-0.83,-0.94,-1.13,-1.2,-1.21,-1.22,-1.25
5ace203f9fe7b01d5806c156,0.93,0.08,-0.17,-0.33,-0.4,-0.41,-0.88,-1.09,-1.11,-1.34,-1.38,-1.47,-1.54,-1.57,-1.6
5ace20379fe7b01d5806beaa,3.15,2.33,1.28,1.27,1.22,1.21,1.18,0.99,0.82,0.75,0.61,0.53,0.48,0.46,0.44
5ace20419fe7b01d5806c1db,1.27,1.06,0.48000000000000004,0.47000000000000003,0.46,0.33,-0.01,-0.16,-0.28,-0.69,-0.91,-1.01,-1.05,-1.09,-1.11
5ace203e9fe7b01d5806c0f8,1.79,1.78,0.14,0.13,0.12,0.11,0.1,-0.07,-0.11,-0.28,-0.47,-0.54,-0.61,-0.65,-0.69
5ace20379fe7b01d5806be8e,2.2,1.33,1.32,1.23,1.22,0.56,0.3,0.06,-0.07,-0.31,-0.48,-0.68,-0.77,-0.87,-0.93
5ace20379fe7b01d5806bebd,1.7,1.7,0.8400000000000001,0.8300000000000001,0.8200000000000001,0.81,0.8,0.79,0.78,0.77,0.64,0.57,0.52,0.52,0.46
5ace203e9fe7b01d5806c110,1.75,-0.36,-0.37,-0.38,-0.39,-0.4,-0.44,-0.57,-0.69,-0.82,-0.89,-0.94,-0.97,-1.01,-1.03
5ace20379fe7b01d5806be8f,1.04,-0.03,-0.04,-0.05,-0.060000000000000005,-0.07,-0.28,-0.34,-0.47,-0.86,-1.14,-1.29,-1.39,-1.44,-1.46
5ace20399fe7b01d5806bf77,3.8,2.64,2.4899999999999998,2.48,1.81,1.41,1.28,0.98,0.84,0.43,0.09,-0.04,-0.1,-0.16,-0.21
5ace203a9fe7b01d5806bf93,2.21,2.2,1.22,1.21,1.2,1.19,0.71,0.7,0.58,0.54,0.54,0.53,0.52,0.49,0.44
5ace203a9fe7b01d5806bf95,2.78,1.32,1.31,1.3,0.96,0.95,0.42,0.16,-0.01,-0.29,-0.63,-0.81,-0.95,-1.06,-1.1
5ace203d9fe7b01d5806c07d,0.36000000000000004,0.35000000000000003,0.34,0.33,0.32,-0.05,-0.14,-0.31,-0.41,-0.74,-0.94,-1.09,-1.15,-1.2,-1.23
5ace20399fe7b01d5806bf5b,1.83,0.73,-0.17,-0.32,-0.39,-0.4,-0.4,-0.45,-0.61,-0.78,-0.86,-1.02,-1.07,-1.1,-1.14
5ace20399fe7b01d5806bf51,1.3,-0.1,-0.11,-0.12,-0.27999999999999997,-0.29,-0.3,-0.31,-0.32,-0.6,-0.78,-0.87,-0.94,-1.02,-1.07
5ace20379fe7b01d5806beb7,4.0,2.85,0.87,0.67,0.66,0.65,0.31,0.13,0.07,-0.3,-0.44,-0.52,-0.56,-0.64,-0.65
5ace203e9fe7b01d5806c111,3.7,2.18,0.78,0.77,0.76,0.38,-0.05,-0.22999999999999998,-0.24,-0.39,-0.6,-0.75,-0.8,-0.87,-0.89
5ace203e9fe7b01d5806c11e,1.42,1.41,1.4,1.39,1.09,1.08,0.87,0.77,0.65,0.64,0.64,0.63,0.54,0.52,0.49
5ace203e9fe7b01d5806c112,-0.17999999999999997,-0.18999999999999997,-0.19999999999999998,-0.21,-0.22,-0.48,-0.49,-0.5,-0.51,-0.68,-0.8,-0.91,-1.0,-1.03,-1.07
5ace203e9fe7b01d5806c11f,-0.03,-0.25,-0.26,-0.27,-0.66,-0.82,-0.96,-1.02,-1.08,-1.33,-1.37,-1.44,-1.44,-1.45,-1.48
5ace203e9fe7b01d5806c120,1.1300000000000001,1.12,1.0,0.99,0.98,0.7,0.59,0.54,0.4,0.07,-0.14,-0.29,-0.38,-0.47,-0.51
5ace20379fe7b01d5806bec8,2.71,2.7,2.03,1.7,1.11,1.0,0.99,0.59,0.58,0.02,-0.13,-0.33,-0.44,-0.45999999999999996,-0.47
5ace203d9fe7b01d5806c0c4,3.7,2.48,0.34,0.33,-0.13999999999999999,-0.15,-0.48,-0.49,-0.56,-0.9,-1.15,-1.27,-1.34,-1.39,-1.42
5ace20399fe7b01d5806bf55,4.0,1.78,1.31,0.97,0.82,0.66,0.46,0.29,0.12,-0.18,-0.51,-0.62,-0.68,-0.78,-0.84
5ace203a9fe7b01d5806bf97,3.1399999999999997,3.13,2.7799999999999994,2.7699999999999996,2.76,2.31,2.03,2.01,2.0,1.69,1.31,1.15,1.11,1.02,0.98
5ace203a9fe7b01d5806bf98,1.37,1.03,0.30000000000000004,0.29000000000000004,0.28,0.27,0.14,0.01,-0.06,-0.2,-0.35,-0.45,-0.5,-0.54,-0.54
5ace20359fe7b01d5806be32,-0.15,-1.27,-1.28,-1.29,-1.3,-1.31,-1.39,-1.4,-1.46,-1.6,-1.69,-1.77,-1.82,-1.82,-1.83
5ace20359fe7b01d5806be33,2.7,1.57,0.49,0.48,-0.09000000000000001,-0.1,-0.13999999999999996,-0.14999999999999997,-0.15999999999999998,-0.16999999999999998,-0.18,-0.2,-0.2,-0.21,-0.25
5ace20369fe7b01d5806be34,0.73,0.23,0.22,0.21,-0.07000000000000002,-0.08000000000000002,-0.09000000000000001,-0.1,-0.12000000000000001,-0.13,-0.14,-0.14,-0.16,-0.18,-0.23
5ace20359fe7b01d5806be13,3.15,3.14,1.6,1.22,1.21,1.2,0.88,0.87,0.86,0.59,0.39,0.29,0.2,0.17,0.16
5ace20419fe7b01d5806c1e1,-0.2,-0.91,-1.15,-1.33,-1.34,-1.35,-1.36,-1.57,-1.59,-1.69,-1.74,-1.74,-1.75,-1.75,-1.76
5ace20399fe7b01d5806bf4c,1.7,0.76,-0.49,-0.5,-0.69,-0.7,-0.71,-0.91,-0.92,-1.13,-1.22,-1.3,-1.34,-1.39,-1.39
5ace20379fe7b01d5806bebe,-0.7499999999999999,-0.7599999999999999,-0.7699999999999999,-0.7799999999999999,-0.7899999999999999,-0.7999999999999999,-0.8099999999999999,-0.82,-0.83,-0.84,-0.85,-0.86,-0.87,-0.88,-0.89
5ace20379fe7b01d5806bebf,-1.09,-1.1,-1.11,-1.12,-1.5999999999999999,-1.6099999999999999,-1.6199999999999999,-1.63,-1.75,-1.83,-1.84,-1.84,-1.85,-1.86,-1.87
5ace20379fe7b01d5806be8a,0.24000000000000005,0.23000000000000004,0.22000000000000003,0.21000000000000002,0.2,0.19,-0.13,-0.3,-0.42,-0.7,-0.83,-0.99,-1.03,-1.08,-1.09
5ace203f9fe7b01d5806c15e,3.1,1.4000000000000001,1.3900000000000001,1.3800000000000001,1.37,1.36,1.01,0.89,0.81,0.56,0.4,0.27,0.17,0.08,0.0
5ace203f9fe7b01d5806c167,1.65,0.5700000000000001,0.56,0.55,0.54,0.53,0.31,0.29,0.24,-0.08,-0.39,-0.53,-0.6,-0.69,-0.69
5ace203f9fe7b01d5806c13c,0.79,0.78,0.77,0.76,0.75,0.63,0.57,0.43,0.34,-0.06,-0.3,-0.43,-0.53,-0.61,-0.65
5ace203e9fe7b01d5806c122,3.7,2.14,1.52,1.51,0.76,0.34,0.22,-0.02,-0.14,-0.43,-0.7,-0.9,-1.04,-1.14,-1.18
5ace203f9fe7b01d5806c143,0.6,0.59,-0.09000000000000002,-0.10000000000000002,-0.11000000000000001,-0.12000000000000001,-0.13,-0.22,-0.3,-0.69,-0.99,-1.13,-1.2,-1.25,-1.26
5ace203e9fe7b01d5806c113,0.32,0.31,-0.18,-0.19,-0.3,-0.46,-0.53,-0.54,-0.55,-0.68,-0.8,-0.89,-0.91,-0.91,-0.94
5ace203d9fe7b01d5806c07e,4.0,1.53,1.52,1.51,1.5,1.44,1.31,1.19,1.12,0.94,0.59,0.35,0.3,0.22,0.15
5ace203f9fe7b01d5806c157,2.16,1.3800000000000001,1.37,1.36,1.12,0.84,0.74,0.62,0.51,0.06,-0.25,-0.47,-0.6,-0.7,-0.72
5ace20379fe7b01d5806be9f,2.83,2.8,2.43,1.39,1.31,0.78,0.57,0.4,0.23,-0.19,-0.45,-0.57,-0.65,-0.67,-0.68
5ace20399fe7b01d5806bf78,2.47,0.98,0.97,0.96,0.63,0.62,0.4,0.27,0.21,-0.05,-0.27,-0.38,-0.46,-0.52,-0.56
5ace203f9fe7b01d5806c158,-0.16999999999999998,-0.18,-0.33999999999999997,-0.35,-0.36,-0.49,-0.72,-0.9299999999999999,-0.94,-0.96,-1.02,-1.03,-1.04,-1.04,-1.06
5ace20359fe7b01d5806be17,3.7,0.9500000000000001,0.9400000000000001,0.93,0.84,0.83,0.62,0.49,0.33,0.11,-0.11,-0.16,-0.23,-0.25,-0.26
5ace20349fe7b01d5806bde0,1.6400000000000001,1.6300000000000001,1.62,1.61,1.6,1.59,1.01,0.8,0.7,0.47,0.38,0.24,0.17,0.17,0.14
5ace20359fe7b01d5806be18,3.7,1.6,1.04,1.03,0.99,0.57,0.47,0.43,0.23,0.23,0.16,0.11999999999999998,0.10999999999999999,0.09999999999999999,0.09
5ace20359fe7b01d5806bde1,4.0,1.6,0.19000000000000006,0.18000000000000005,0.17000000000000004,0.16000000000000003,0.15000000000000002,0.14,0.13,0.02,-0.13,-0.22,-0.26,-0.27,-0.28
5ace20359fe7b01d5806be28,0.6,0.04,0.03,-0.72,-0.73,-1.1,-1.32,-1.42,-1.48,-1.65,-1.74,-1.75,-1.79,-1.81,-1.82
5ace203f9fe7b01d5806c148,3.7,2.57,1.44,1.43,0.9,0.87,0.7,0.49,0.37,0.21,-0.05,-0.3,-0.42,-0.51,-0.57
5ace20399fe7b01d5806bf5c,3.88,1.77,0.54,0.31,0.01,-0.3,-0.31,-0.76,-0.8,-1.09,-1.25,-1.32,-1.38,-1.38,-1.39
5ace20379fe7b01d5806be93,1.1400000000000001,1.1300000000000001,1.12,1.11,1.05,0.8,0.39,0.27,0.14,-0.16,-0.46,-0.64,-0.74,-0.82,-0.83
5ace203f9fe7b01d5806c172,1.67,0.15000000000000002,0.14,0.13,0.06,0.02,-0.34,-0.48,-0.59,-1.01,-1.27,-1.41,-1.49,-1.55,-1.56
5ace20359fe7b01d5806be1d,1.08,1.07,1.06,0.81,0.31,-0.64,-0.85,-0.87,-0.88,-0.89,-0.9,-0.91,-0.92,-0.92,-0.94
5ace203b9fe7b01d5806bfe8,3.7,2.42,2.15,2.14,1.41,1.32,1.18,1.16,0.99,0.85,0.56,0.38,0.35,0.34,0.3
5ace203b9fe7b01d5806bfe9,-0.31,-0.32,-0.33,-0.34,-0.5,-0.96,-1.2,-1.21,-1.36,-1.59,-1.8,-1.89,-1.98,-2.0,-2.0
5ace203f9fe7b01d5806c13d,4.0,0.68,0.67,0.66,0.39,-0.15,-0.15,-0.43,-0.56,-0.82,-0.89,-1.01,-1.11,-1.19,-1.23
5ace203e9fe7b01d5806c0f9,0.8200000000000001,0.81,0.8,0.79,0.78,0.41000000000000003,0.4,0.23,0.22,0.04,-0.14,-0.25,-0.35,-0.44,-0.46
5ace20369fe7b01d5806be3d,-0.58,-0.59,-0.6,-0.71,-0.79,-0.99,-1.0,-1.08,-1.14,-1.3,-1.46,-1.59,-1.62,-1.68,-1.7
5ace203a9fe7b01d5806bf80,-0.3,-0.7,-0.71,-0.72,-0.73,-0.74,-0.75,-0.77,-0.87,-0.95,-1.09,-1.19,-1.22,-1.25,-1.25
5ace20379fe7b01d5806beb8,2.36,2.35,0.44000000000000006,0.43000000000000005,0.42000000000000004,0.41000000000000003,0.4,0.39,0.33,0.26,0.08,0.0,-0.06,-0.09,-0.09
5ace20359fe7b01d5806bdf3,4.0,1.33,0.34,-0.09,-0.77,-0.78,-1.04,-1.05,-1.08,-1.58,-1.79,-1.9,-1.99,-2.04,-2.08
5ace20359fe7b01d5806bde2,1.95,1.94,1.57,1.56,1.42,1.02,1.01,0.95,0.84,0.62,0.38,0.34,0.29,0.26,0.21
5ace20359fe7b01d5806bdeb,4.0,2.639999999999999,2.629999999999999,2.619999999999999,2.6099999999999994,2.5999999999999996,2.59,2.58,2.57,2.5,2.46,2.42,2.39,2.35,2.31
5ace20379fe7b01d5806bec1,3.7,2.87,0.9500000000000001,0.9400000000000001,0.93,0.6,0.23,0.14,0.13,0.12,-0.04,-0.14,-0.28,-0.34,-0.42
5ace20349fe7b01d5806bdb9,0.10999999999999997,0.09999999999999998,0.08999999999999998,0.07999999999999999,0.06999999999999999,0.06,-0.14,-0.35,-0.42,-0.6,-0.7,-0.82,-0.9,-0.9,-0.92
5ace20359fe7b01d5806bde3,3.7899999999999996,3.78,1.71,1.7,1.22,1.0,0.95,0.89,0.82,0.5,0.14,-0.07,-0.14,-0.18,-0.22
5ace20359fe7b01d5806bdf4,3.4399999999999995,3.4299999999999997,3.42,3.41,3.279999999999999,3.269999999999999,3.2599999999999993,3.2499999999999996,3.2399999999999998,3.23,3.21,3.14,3.09,3.07,3.07
5ace20359fe7b01d5806bde4,2.47,-0.33,-1.78,-1.79,-2.06,-2.09,-2.1,-2.11,-2.12,-2.27,-2.41,-2.44,-2.46,-2.48,-2.5
5ace20359fe7b01d5806bde5,0.21000000000000002,0.2,-0.33,-0.5599999999999999,-0.57,-0.58,-0.73,-0.74,-0.82,-0.96,-1.1,-1.2,-1.21,-1.22,-1.25
5ace20359fe7b01d5806bded,1.2,-0.32,-0.87,-0.95,-0.96,-0.97,-1.11,-1.12,-1.2,-1.42,-1.67,-1.75,-1.78,-1.83,-1.85
5ace20359fe7b01d5806bdee,1.7,0.8,0.71,0.7,0.52,0.39,0.38,0.37,0.36,0.22,0.21,0.16,0.14,0.12,0.09
5ace203a9fe7b01d5806bfa8,4.0,4.0,1.71,0.99,0.98,0.98,0.64,0.56,0.49,0.48,0.34,0.29,0.23,0.21,0.16
5ace203f9fe7b01d5806c15f,1.3900000000000001,1.3800000000000001,1.37,1.36,1.02,0.65,0.64,0.51,0.45,0.4,0.39,0.37,0.31,0.28,0.24
5ace20379fe7b01d5806be94,3.8,3.39,2.59,2.44,1.98,1.62,1.38,1.38,1.29,1.04,0.92,0.82,0.78,0.74,0.74
5ace203b9fe7b01d5806bfda,3.8,3.79,2.6399999999999997,2.63,2.57,2.56,2.48,2.47,2.46,2.44,2.3,2.23,2.2,2.18,2.11
5ace20369fe7b01d5806be7f,3.5199999999999996,3.51,3.5,3.49,3.39,3.06,2.76,2.51,2.42,2.26,2.0,1.9,1.78,1.72,1.72
5ace203b9fe7b01d5806bfeb,3.7,1.78,-0.060000000000000005,-0.07,-0.08,-0.09,-0.14,-0.47,-0.48,-0.49,-0.69,-0.78,-0.79,-0.8,-0.89
5ace20379fe7b01d5806beae,4.0,2.16,1.11,0.91,0.9,0.89,0.58,0.43,0.36,-0.07,-0.23,-0.35,-0.43,-0.5,-0.52
5ace20369fe7b01d5806be72,1.27,1.26,-0.05,-0.060000000000000005,-0.07,-0.08,-0.33,-0.39,-0.4,-0.51,-0.59,-0.63,-0.65,-0.65,-0.68
5ace203f9fe7b01d5806c173,-0.13999999999999999,-0.15,-0.16,-0.17,-0.2,-0.48,-0.49,-0.49,-0.57,-0.79,-0.97,-1.07,-1.13,-1.18,-1.21
5ace20349fe7b01d5806bddb,2.7,2.7,2.23,1.21,1.2,1.19,1.16,1.06,1.06,0.81,0.75,0.72,0.71,0.7,0.69
5ace20369fe7b01d5806be35,3.7,-0.13,-0.14,-0.22,-0.69,-0.7,-0.76,-0.76,-0.89,-1.19,-1.39,-1.48,-1.59,-1.62,-1.64
5ace20349fe7b01d5806bdd4,1.7,1.7,1.14,1.13,0.71,0.7,0.69,0.24,0.2,-0.01,-0.16,-0.23,-0.28,-0.29,-0.31
5ace20359fe7b01d5806bde6,1.7,0.45000000000000007,0.44000000000000006,0.43000000000000005,0.42000000000000004,0.41000000000000003,0.4,0.24000000000000002,0.23,0.04,-0.15,-0.23,-0.25,-0.28,-0.28
5ace20349fe7b01d5806bdc3,-0.3,-0.3,-0.42,-0.43,-0.44,-0.45,-0.49,-0.57,-0.7,-0.71,-0.91,-1.09,-1.21,-1.26,-1.28
5ace20359fe7b01d5806bdfe,2.85,2.0499999999999994,2.0399999999999996,2.03,1.39,1.29,1.13,0.94,0.92,0.79,0.62,0.45,0.32,0.29000000000000004,0.28
5ace20369fe7b01d5806be80,0.30000000000000004,0.29000000000000004,0.28,0.27,0.09,-0.3,-0.31,-0.32,-0.33,-0.49,-0.5,-0.52,-0.58,-0.6,-0.6
5ace203e9fe7b01d5806c0d7,2.03,0.9600000000000001,0.9500000000000001,0.9400000000000001,0.93,0.47,0.37,0.32,0.27,0.04,-0.08,-0.17,-0.19,-0.21,-0.24
5ace203e9fe7b01d5806c0d8,3.9,2.11,0.89,0.88,0.87,0.86,0.69,0.49,0.39,0.18,0.03,-0.1,-0.19,-0.26,-0.28
5ace203e9fe7b01d5806c0d9,1.85,1.37,1.36,1.35,1.34,1.33,1.18,1.05,0.96,0.65,0.52,0.43,0.39,0.37,0.36
5ace20409fe7b01d5806c182,3.7,3.7,2.44,1.94,1.03,0.85,0.84,0.6,0.58,0.57,0.37,0.23,0.16,0.08,0.07
5ace20379fe7b01d5806beaf,-0.97,-0.98,-1.71,-1.89,-1.89,-1.9,-1.91,-1.92,-2.03,-2.34,-2.58,-2.59,-2.62,-2.6300000000000003,-2.64
5ace20369fe7b01d5806be73,0.81,0.8,0.45,0.44,0.39,0.17,0.12,0.0,-0.1,-0.33,-0.44,-0.58,-0.61,-0.65,-0.66
5ace203a9fe7b01d5806bfa9,1.67,1.5,0.56,0.55,0.54,0.14,0.12,0.11,0.06,-0.3,-0.53,-0.7,-0.74,-0.81,-0.85
5ace203b9fe7b01d5806bfdb,2.77,2.06,1.22,0.86,-0.01,-0.01,-0.12,-0.4,-0.43,-0.6,-0.75,-0.85,-0.93,-0.99,-1.0
5ace20349fe7b01d5806bdbe,0.7,-0.8099999999999999,-0.82,-0.83,-0.84,-0.85,-0.86,-0.87,-0.98,-1.18,-1.19,-1.3,-1.37,-1.41,-1.47
5ace203f9fe7b01d5806c168,1.71,1.7,1.69,1.68,1.62,1.48,1.17,0.86,0.74,0.55,0.54,0.44,0.36,0.31,0.25
5ace203e9fe7b01d5806c123,3.099999999999999,3.0899999999999994,3.0799999999999996,3.07,3.06,1.83,1.46,1.27,1.11,0.95,0.66,0.29,0.09,-0.13,-0.14
5ace203f9fe7b01d5806c169,0.30000000000000004,0.29000000000000004,0.28,-0.06,-0.61,-0.62,-0.63,-0.63,-0.64,-0.76,-0.86,-0.93,-0.99,-1.03,-1.04
5ace203e9fe7b01d5806c115,2.1199999999999997,2.11,1.37,1.12,1.08,0.74,0.37,0.3,0.29,-0.04,-0.35,-0.56,-0.69,-0.77,-0.81
5ace20369fe7b01d5806be74,-0.91,-0.92,-1.01,-1.16,-1.6,-1.7,-1.95,-2.02,-2.08,-2.09,-2.09,-2.16,-2.16,-2.21,-2.24
5ace20359fe7b01d5806bdf8,3.4499999999999993,3.4399999999999995,3.4299999999999997,3.42,2.62,2.1199999999999997,2.11,1.82,1.81,1.6,1.53,1.41,1.35,1.34,1.33
5ace20349fe7b01d5806bdbf,2.38,2.37,0.03,-0.05,-0.060000000000000005,-0.07,-0.08,-0.09,-0.28,-0.75,-1.07,-1.25,-1.38,-1.44,-1.47
5ace20349fe7b01d5806bdc0,0.35000000000000003,0.34,0.33,0.32,0.31,-0.33,-0.67,-0.8,-0.92,-1.25,-1.49,-1.65,-1.72,-1.77,-1.78
5ace20349fe7b01d5806bdc4,3.7,0.4,-0.23,-0.29,-0.37,-1.25,-1.81,-2.11,-2.2,-2.26,-2.35,-2.44,-2.45,-2.49,-2.54
5ace20349fe7b01d5806bdc5,1.7,1.7,1.7,1.7,-0.13,-0.32,-0.35,-0.7,-0.87,-1.12,-1.42,-1.51,-1.58,-1.61,-1.62
5ace20349fe7b01d5806bdc6,1.34,1.33,1.27,1.26,1.25,1.18,1.07,1.06,0.99,0.77,0.57,0.41,0.29,0.23,0.2
5ace20349fe7b01d5806bdc1,0.61,0.6,0.59,-0.3,-0.92,-1.41,-1.47,-1.48,-1.48,-1.62,-1.69,-1.7,-1.7,-1.73,-1.76
5ace20359fe7b01d5806be01,1.85,1.33,1.14,1.13,0.38,0.37,0.36,0.03,-0.01,-0.09000000000000002,-0.10000000000000002,-0.11000000000000001,-0.12000000000000001,-0.13,-0.14
5ace20369fe7b01d5806be38,3.7,-0.009999999999999997,-0.019999999999999997,-0.03,-0.3,-0.31,-0.37,-0.39,-0.66,-0.94,-0.99,-1.1,-1.28,-1.32,-1.33
5ace20369fe7b01d5806be39,-0.12999999999999998,-0.13999999999999999,-0.15,-0.16,-0.27,-0.35,-0.44,-0.62,-0.68,-0.88,-1.14,-1.27,-1.36,-1.37,-1.4
5ace20369fe7b01d5806be3a,-2.43,-2.440000000000001,-2.4500000000000006,-2.4600000000000004,-2.47,-2.520000000000002,-2.5300000000000016,-2.5400000000000014,-2.550000000000001,-2.560000000000001,-2.5700000000000007,-2.5800000000000005,-2.5900000000000003,-2.6,-2.61
5ace203f9fe7b01d5806c12a,3.8,1.38,0.64,0.33,0.32,0.31,0.07,-0.22,-0.34,-0.77,-0.98,-1.07,-1.1,-1.16,-1.2
5ace20389fe7b01d5806bede,1.33,1.2,0.75,0.74,0.73,0.29,0.11,-0.019999999999999997,-0.03,-0.08,-0.24,-0.32,-0.33,-0.34,-0.38
5ace203d9fe7b01d5806c0c6,3.9,3.37,1.83,1.25,1.24,1.01,0.93,0.88,0.78,0.34,0.05,-0.17,-0.25,-0.31,-0.38
5ace203d9fe7b01d5806c08b,4.0,2.79,1.97,1.96,1.92,1.71,1.49,1.26,1.25,1.1,0.89,0.83,0.79,0.75,0.73
5ace203d9fe7b01d5806c08c,0.63,0.62,0.61,0.6,0.59,0.37,0.26,0.25,0.10999999999999997,0.09999999999999998,0.08999999999999998,0.07999999999999999,0.06999999999999999,0.06,0.05
5ace203d9fe7b01d5806c0a5,3.7,1.73,1.72,1.71,1.57,1.53,1.31,1.25,1.17,0.8,0.42,0.34,0.26,0.22,0.19
5ace203d9fe7b01d5806c0a6,3.7,1.72,0.34,0.04,0.03,0.02,0.01,-0.19,-0.24,-0.58,-0.62,-0.63,-0.64,-0.65,-0.68
5ace203d9fe7b01d5806c08d,3.9,1.8900000000000001,1.8800000000000001,1.87,1.38,1.18,0.82,0.64,0.62,0.6,0.53,0.47,0.45,0.42,0.37
5ace20399fe7b01d5806bf63,4.0,0.5,0.49,0.48,-0.02,-0.08,-0.34,-0.48,-0.5,-0.66,-0.82,-0.89,-0.94,-0.97,-0.98
5ace203d9fe7b01d5806c08e,1.11,1.1,1.09,1.08,1.07,0.43,0.14,-0.08,-0.27,-0.68,-1.0,-1.21,-1.29,-1.38,-1.43
5ace203d9fe7b01d5806c0a7,4.0,4.0,2.8,2.13,1.67,1.66,1.32,1.09,0.82,0.63,0.37,0.14,0.05,-0.1,-0.22
5ace203a9fe7b01d5806bf8b,2.85,0.6,0.59,0.27,0.26,0.25,-0.12,-0.2,-0.33,-0.46,-0.68,-0.76,-0.82,-0.91,-0.93
5ace20399fe7b01d5806bf79,4.0,1.93,1.25,1.24,1.21,1.11,1.02,0.77,0.74,0.39,0.21,0.07,0.03,0.01,-0.04
5ace203d9fe7b01d5806c090,1.1300000000000001,1.12,1.11,1.1,-0.02,-0.1,-0.47,-0.86,-1.05,-1.32,-1.45,-1.67,-1.73,-1.81,-1.81
5ace20399fe7b01d5806bf56,2.6,1.62,0.69,0.28,0.09,-0.05,-0.25,-0.52,-0.55,-0.91,-1.08,-1.17,-1.21,-1.22,-1.23
5ace203d9fe7b01d5806c091,0.03,-0.13,-0.26999999999999996,-0.27999999999999997,-0.29,-0.3,-0.45,-0.45,-0.46,-0.7,-0.72,-0.73,-0.74,-0.75,-0.78
5ace203a9fe7b01d5806bf99,1.7,1.3,0.68,0.67,0.66,0.65,0.58,0.52,0.4,0.22,0.1,0.08,0.07,0.02,0.0
5ace203a9fe7b01d5806bf8c,3.1799999999999993,3.1699999999999995,3.1599999999999997,3.15,2.6799999999999997,2.67,2.07,1.98,1.97,1.86,1.8,1.62,1.54,1.5,1.45
5ace203d9fe7b01d5806c096,1.7,1.7,1.7,1.6400000000000001,1.6300000000000001,1.62,1.61,1.59,1.57,1.51,1.47,1.46,1.4,1.4,1.38
5ace203a9fe7b01d5806bf8d,1.2,-0.9099999999999999,-0.9199999999999999,-0.9299999999999999,-0.94,-0.95,-0.96,-1.0,-1.01,-1.12,-1.2,-1.25,-1.3,-1.37,-1.41
5ace203e9fe7b01d5806c0e8,-0.49,-0.5,-1.6099999999999999,-1.6199999999999999,-1.63,-1.64,-1.68,-1.68,-1.75,-1.9,-2.0,-2.01,-2.01,-2.03,-2.05
5ace203d9fe7b01d5806c09a,2.7,0.22000000000000003,0.21000000000000002,0.2,0.19,-0.04,-0.22,-0.36,-0.51,-0.87,-1.14,-1.31,-1.38,-1.45,-1.48
5ace203a9fe7b01d5806bf9a,1.0,0.86,-0.2,-0.27,-0.5599999999999999,-0.57,-0.58,-0.59,-0.6,-0.61,-0.62,-0.63,-0.64,-0.65,-0.66
5ace20399fe7b01d5806bf57,3.85,1.57,1.56,1.55,1.54,1.47,0.96,0.72,0.62,0.15,-0.13,-0.28,-0.36,-0.44,-0.46
5ace203a9fe7b01d5806bf9c,3.7,0.48,0.39,0.38,0.38,0.37,-0.1,-0.58,-0.77,-1.16,-1.51,-1.65,-1.84,-1.95,-2.01
5ace203a9fe7b01d5806bf9d,1.7,0.65,0.64,0.63,0.53,0.44,-0.08,-0.4,-0.69,-1.23,-1.65,-1.8,-1.93,-2.02,-2.07
5ace203e9fe7b01d5806c0e9,-0.14999999999999997,-0.15999999999999998,-0.16999999999999998,-0.18,-0.38,-0.7,-0.73,-0.9,-0.99,-1.36,-1.58,-1.64,-1.68,-1.74,-1.77
5ace20399fe7b01d5806bf64,1.85,1.61,1.6,1.59,0.9,0.77,0.62,0.47000000000000003,0.46,0.45,0.44,0.37,0.36,0.33,0.29
5ace203a9fe7b01d5806bf90,2.6,0.85,0.56,0.56,0.08,0.04,0.03,0.02,-0.2,-0.4,-0.66,-0.78,-0.83,-0.87,-0.87
5ace20399fe7b01d5806bf65,0.78,0.12,-0.24,-0.57,-0.97,-0.98,-1.0,-1.07,-1.19,-1.5,-1.63,-1.73,-1.8,-1.82,-1.83
5ace20399fe7b01d5806bf66,4.0,2.36,0.6900000000000001,0.68,0.65,0.64,0.5800000000000001,0.5700000000000001,0.56,0.31,0.04,-0.11,-0.18,-0.25,-0.25
5ace20399fe7b01d5806bf67,1.3,1.1,1.1,1.0,0.9,0.33,-0.06,-0.75,-0.84,-1.34,-1.54,-1.75,-1.88,-2.0,-2.03
5ace203a9fe7b01d5806bf7b,0.58,0.57,-0.67,-1.09,-1.1,-1.34,-1.53,-1.54,-1.55,-1.67,-1.83,-1.92,-1.95,-2.01,-2.04
5ace203d9fe7b01d5806c092,1.37,0.05,-1.03,-1.04,-1.05,-1.06,-1.2,-1.39,-1.58,-1.86,-1.95,-2.06,-2.1,-2.13,-2.13
5ace20399fe7b01d5806bf68,0.77,0.76,0.48000000000000004,0.47000000000000003,0.46,-0.01,-0.21,-0.26,-0.48,-0.74,-0.87,-0.96,-1.0,-1.01,-1.04
5ace20399fe7b01d5806bf4d,1.93,1.92,1.57,1.56,0.75,0.36,0.27,0.01,-0.01,-0.36,-0.56,-0.72,-0.79,-0.84,-0.86
5ace20399fe7b01d5806bf4e,1.81,1.8,1.52,1.51,1.5,1.14,0.86,0.7,0.61,0.3,0.09,-0.09,-0.19,-0.25,-0.28
5ace203d9fe7b01d5806c097,1.7,1.7,1.7,1.7,1.7,1.48,0.76,0.75,0.74,0.68,0.53,0.26,0.22,0.11,0.11
5ace203d9fe7b01d5806c098,3.7,3.7,3.7,3.7,2.1299999999999994,2.1199999999999997,2.11,2.1,1.74,1.68,1.48,0.67,0.41,0.18,0.18
5ace203f9fe7b01d5806c149,-0.15,-0.44,-0.45,-0.46,-0.72,-0.77,-0.79,-0.91,-0.95,-0.96,-1.0,-1.08,-1.12,-1.14,-1.18
5ace203f9fe7b01d5806c14a,1.7,1.13,1.09,1.08,0.89,0.88,0.4,0.03,-0.12,-0.57,-0.84,-1.08,-1.22,-1.29,-1.33
5ace203d9fe7b01d5806c0a8,3.09,3.08,2.5,1.66,0.86,0.35,-0.12,-0.25,-0.29,-0.51,-0.7,-0.86,-0.93,-0.96,-1.01
5ace203a9fe7b01d5806bfb9,-0.5199999999999999,-0.5299999999999999,-0.5399999999999999,-0.5499999999999999,-0.5599999999999999,-0.57,-0.69,-0.75,-0.85,-1.21,-1.41,-1.57,-1.65,-1.72,-1.75
5ace203a9fe7b01d5806bfc5,4.0,2.9899999999999993,2.9799999999999995,2.9699999999999998,2.96,2.95,2.8999999999999995,2.8899999999999997,2.88,2.74,2.57,2.48,2.41,2.4,2.34
5ace203e9fe7b01d5806c109,1.7,0.54,0.53,0.52,0.02,0.01,-0.05,-0.19,-0.29,-0.51,-0.64,-0.76,-0.8,-0.85,-0.86
5ace203f9fe7b01d5806c174,2.85,0.7,0.69,0.22,0.0,-0.3,-0.59,-0.87,-0.94,-1.03,-1.15,-1.19,-1.27,-1.32,-1.35
5ace203f9fe7b01d5806c160,3.7,-0.36,-0.69,-0.7,-0.99,-1.0,-1.12,-1.46,-1.47,-1.54,-1.57,-1.58,-1.64,-1.68,-1.71
5ace203a9fe7b01d5806bf91,1.7,1.5,0.87,0.86,0.58,0.33,0.27,-0.01,-0.02,-0.08,-0.28,-0.44,-0.54,-0.65,-0.67
5ace20399fe7b01d5806bf5d,3.03,3.02,1.24,1.23,1.04,0.6,0.17,-0.04,-0.05,-0.38,-0.69,-0.87,-0.99,-1.05,-1.09
5ace20369fe7b01d5806be81,0.49,0.48,-0.42,-0.43,-0.44,-0.51,-0.7,-0.79,-0.84,-0.85,-1.01,-1.02,-1.08,-1.1,-1.12
5ace20369fe7b01d5806be82,1.5,0.38,0.37,0.36,0.24,-0.09000000000000001,-0.1,-0.37,-0.5,-0.53,-0.73,-0.86,-0.9,-0.94,-1.03
5ace203a9fe7b01d5806bfaa,2.7,1.65,1.65,1.64,1.01,0.92,0.8,0.59,0.55,0.22,0.01,-0.09,-0.22,-0.25,-0.26
5ace203f9fe7b01d5806c175,1.7,-0.29999999999999993,-0.30999999999999994,-0.31999999999999995,-0.32999999999999996,-0.33999999999999997,-0.35,-0.37,-0.49,-0.71,-0.78,-0.85,-0.86,-0.89,-0.93
5ace203b9fe7b01d5806bfec,2.13,1.6,1.27,1.26,1.16,1.0,0.5,0.4,0.22,-0.16,-0.36,-0.54,-0.66,-0.78,-0.81
5ace20379fe7b01d5806beb9,0.23,0.08,-0.5499999999999999,-0.5599999999999999,-0.57,-0.58,-0.59,-0.6,-0.61,-0.62,-0.63,-0.66,-0.68,-0.7,-0.71
5ace20379fe7b01d5806be95,3.85,1.23,0.48,0.47,0.42,0.42,0.41,0.37,0.27,0.26,0.06,-0.04,-0.06,-0.12,-0.16
5ace203e9fe7b01d5806c0fa,1.8,1.03,0.74,0.73,0.72,0.63,0.62,0.44,0.36,0.02,-0.26,-0.42,-0.49,-0.57,-0.61
5ace20359fe7b01d5806be29,-0.94,-0.95,-0.96,-0.97,-0.98,-0.99,-1.06,-1.1,-1.11,-1.15,-1.28,-1.3,-1.32,-1.34,-1.39
5ace20349fe7b01d5806bdc7,-0.1,-0.48,-0.94,-1.92,-2.03,-2.0900000000000003,-2.1,-2.31,-2.38,-2.58,-2.7,-2.76,-2.8,-2.81,-2.82
5ace20349fe7b01d5806bdc8,-0.22999999999999998,-0.24,-0.25,-0.26,-0.27,-0.43,-0.44,-0.45,-0.46,-0.74,-0.79,-0.88,-0.88,-0.89,-0.9
5ace203a9fe7b01d5806bfc6,-0.32999999999999996,-0.33999999999999997,-0.35,-0.36,-0.37,-0.38,-0.44,-0.63,-0.73,-1.03,-1.16,-1.26,-1.3,-1.35,-1.41
5ace203a9fe7b01d5806bf81,2.36,2.35,-0.24,-0.25,-0.35999999999999993,-0.36999999999999994,-0.37999999999999995,-0.38999999999999996,-0.39999999999999997,-0.41,-0.42,-0.43,-0.44,-0.45,-0.46
5ace20349fe7b01d5806bdc9,4.0,0.2,-1.19,-1.77,-1.78,-1.79,-2.04,-2.15,-2.38,-2.76,-2.81,-2.85,-2.87,-2.88,-2.91
5ace20359fe7b01d5806be02,2.5899999999999994,2.5799999999999996,2.57,1.85,0.68,-1.17,-1.17,-1.18,-1.19,-1.2,-1.25,-1.33,-1.36,-1.39,-1.43
5ace20359fe7b01d5806be0a,2.37,1.41,0.9400000000000001,0.93,0.53,0.32,0.15000000000000002,0.14,0.13,0.12,0.05,0.05,0.05,0.05,0.0
5ace20359fe7b01d5806be0b,-1.2,-1.21,-1.22,-1.23,-1.24,-1.25,-1.26,-1.27,-1.28,-1.38,-1.54,-1.64,-1.66,-1.67,-1.69
5ace20409fe7b01d5806c183,1.43,1.2,-0.47,-0.48,-0.52,-0.53,-0.66,-0.67,-0.75,-1.11,-1.19,-1.3,-1.34,-1.39,-1.42
5ace203b9fe7b01d5806bfed,1.7,1.1300000000000001,1.12,1.11,1.1,1.09,1.0,0.93,0.92,0.86,0.85,0.84,0.83,0.82,0.82
5ace203f9fe7b01d5806c14c,3.7,1.16,0.2,0.19,0.0,-0.01,-0.1,-0.33,-0.34,-0.54,-0.59,-0.75,-0.78,-0.79,-0.82
5ace20379fe7b01d5806be8b,2.71,2.7,1.54,0.42000000000000004,0.41000000000000003,0.4,-0.05,-0.060000000000000005,-0.07,-0.08,-0.21,-0.34,-0.39,-0.44,-0.48
5ace203f9fe7b01d5806c14d,4.0,2.98,2.58,2.48,2.2899999999999996,2.28,1.74,1.73,1.68,1.58,1.27,1.05,0.91,0.79,0.73
5ace20359fe7b01d5806be0c,3.8,1.85,0.09999999999999999,0.09,-0.2,-0.53,-0.54,-0.55,-0.73,-1.05,-1.36,-1.59,-1.67,-1.7,-1.72
5ace203f9fe7b01d5806c161,1.74,1.73,1.61,1.6,1.09,0.97,0.72,0.46,0.41,0.03,-0.2,-0.41,-0.54,-0.63,-0.69
5ace203f9fe7b01d5806c162,1.2,1.19,1.18,1.17,1.13,0.92,0.64,0.43,0.41,-0.03,-0.29,-0.48,-0.58,-0.66,-0.7
5ace20399fe7b01d5806bf4f,2.47,0.3,-0.04,-0.05,-0.16,-0.66,-0.98,-1.4,-1.51,-1.84,-2.02,-2.04,-2.09,-2.13,-2.16
5ace203e9fe7b01d5806c0ee,1.91,1.9,1.89,1.88,1.02,1.01,0.58,0.56,0.38,0.26,0.01,-0.15,-0.21,-0.25,-0.29
5ace203d9fe7b01d5806c07f,4.0,2.97,1.49,1.48,1.39,1.03,0.41,0.18,0.14,-0.3,-0.53,-0.68,-0.76,-0.85,-0.85
5ace20409fe7b01d5806c184,0.17000000000000004,0.16000000000000003,0.15000000000000002,0.14,0.13,-0.3,-0.46,-0.53,-0.54,-0.55,-0.56,-0.67,-0.71,-0.75,-0.76
5ace203f9fe7b01d5806c134,0.7,-0.44,-0.9199999999999999,-0.9299999999999999,-0.94,-0.95,-0.97,-1.08,-1.09,-1.2,-1.3,-1.34,-1.4,-1.42,-1.43
5ace20349fe7b01d5806bddc,0.34,0.33,0.32,0.31,-0.19,-0.6799999999999999,-0.69,-0.89,-0.91,-1.0,-1.05,-1.16,-1.16,-1.16,-1.17
5ace20419fe7b01d5806c1e2,3.7,0.46,0.16,-0.039999999999999994,-0.049999999999999996,-0.06,-0.13,-0.27,-0.39,-0.78,-1.04,-1.21,-1.34,-1.39,-1.41
5ace20379fe7b01d5806bed2,2.8,2.61,0.9500000000000001,0.9400000000000001,0.93,0.86,0.79,0.65,0.49,0.09,-0.26,-0.47,-0.53,-0.65,-0.68
5ace203d9fe7b01d5806c0a9,0.55,0.54,0.53,0.52,0.51,0.5,0.33,0.25,0.16,0.07,-0.09,-0.17,-0.24,-0.3,-0.31
5ace20409fe7b01d5806c185,2.569999999999998,2.5599999999999983,2.5499999999999985,2.5399999999999987,2.529999999999999,2.519999999999999,2.5099999999999993,2.4999999999999996,2.4899999999999998,2.48,2.31,2.3,2.21,2.19,2.15
5ace203b9fe7b01d5806bfdd,2.0399999999999996,2.03,1.99,1.98,1.87,1.86,1.77,1.76,1.7,1.41,1.23,1.16,1.14,1.11,1.08
5ace20349fe7b01d5806bdca,-0.41999999999999993,-0.42999999999999994,-0.43999999999999995,-0.44999999999999996,-0.45999999999999996,-0.47,-0.7499999999999999,-0.7599999999999999,-0.7699999999999999,-0.7799999999999999,-0.7899999999999999,-0.7999999999999999,-0.8099999999999999,-0.82,-0.83
5ace20349fe7b01d5806bdcb,0.2,-0.7499999999999999,-0.7599999999999999,-0.7699999999999999,-0.7799999999999999,-0.7899999999999999,-0.7999999999999999,-0.8099999999999999,-0.82,-0.83,-0.94,-0.98,-1.03,-1.04,-1.05
5ace20379fe7b01d5806beb0,0.16,0.15,-0.039999999999999994,-0.049999999999999996,-0.06,-0.63,-0.76,-1.0,-1.11,-1.32,-1.47,-1.6,-1.62,-1.65,-1.68
5ace203a9fe7b01d5806bf82,-0.09000000000000002,-0.10000000000000002,-0.11000000000000001,-0.12000000000000001,-0.13,-0.17,-0.4,-0.5599999999999999,-0.57,-0.8,-0.83,-0.86,-0.88,-0.91,-0.92
5ace203a9fe7b01d5806bf83,1.97,1.96,1.95,1.94,1.93,1.69,1.64,1.56,1.48,1.35,1.17,1.1,1.01,0.94,0.91
5ace203a9fe7b01d5806bf84,2.1799999999999993,2.1699999999999995,2.1599999999999997,2.15,2.14,2.01,1.79,1.63,1.51,1.23,1.1,0.97,0.94,0.89,0.82
5ace203d9fe7b01d5806c0ae,-0.35,-0.36,-0.37,-0.44,-0.76,-0.88,-0.98,-1.2,-1.21,-1.31,-1.45,-1.52,-1.54,-1.57,-1.59
5ace203d9fe7b01d5806c0af,3.7,2.63,1.37,1.07,0.46,0.19,-0.019999999999999997,-0.03,-0.04,-0.05,-0.17,-0.23,-0.29,-0.34,-0.36
5ace203c9fe7b01d5806c06e,-0.19999999999999998,-0.21,-0.38,-0.39,-0.4,-0.55,-0.67,-0.86,-0.89,-1.01,-1.09,-1.16,-1.16,-1.19,-1.25
5ace203d9fe7b01d5806c0ac,3.7,1.69,1.68,1.67,1.66,1.65,1.51,1.4,1.22,0.92,0.71,0.54,0.41,0.35,0.33
5ace20359fe7b01d5806be19,1.83,-0.59,-0.6,-0.61,-0.62,-0.88,-1.08,-1.2,-1.35,-1.61,-1.81,-1.93,-1.97,-1.98,-1.99
5ace20409fe7b01d5806c186,3.9,1.1,0.51,0.5,0.15000000000000002,0.14,0.09,-0.2,-0.34,-0.54,-0.72,-0.81,-0.85,-0.9,-0.93
5ace20379fe7b01d5806bea0,1.7,1.69,1.68,1.67,1.53,1.5,1.38,1.09,0.98,0.65,0.42,0.27,0.15,0.08,0.06
5ace20419fe7b01d5806c1e5,1.13,-0.029999999999999992,-0.039999999999999994,-0.049999999999999996,-0.06,-0.11,-0.47,-0.7,-0.71,-0.82,-0.97,-1.07,-1.12,-1.18,-1.21
5ace203f9fe7b01d5806c159,-0.32999999999999996,-0.33999999999999997,-0.35,-0.85,-1.4,-1.75,-1.76,-1.92,-1.96,-1.97,-2.08,-2.15,-2.15,-2.16,-2.17
5ace203e9fe7b01d5806c0da,0.57,-0.35,-0.36,-0.37,-0.38,-0.64,-1.03,-1.23,-1.26,-1.47,-1.48,-1.54,-1.59,-1.61,-1.61
5ace20369fe7b01d5806be3e,4.0,0.34,0.33,0.32,0.29,0.03,-0.32,-0.46,-0.59,-0.84,-1.15,-1.33,-1.46,-1.57,-1.59
5ace203e9fe7b01d5806c116,3.7,1.1,1.09,1.08,1.07,1.0,0.15,-0.01,-0.27,-0.37,-0.51,-0.57,-0.64,-0.71,-0.73
5ace20359fe7b01d5806be1a,3.9,-0.07,-1.5,-2.02,-2.4000000000000004,-2.41,-2.54,-2.57,-2.64,-2.82,-2.99,-3.05,-3.07,-3.08,-3.11
5ace20359fe7b01d5806be1b,-1.04,-1.05,-1.06,-1.07,-1.08,-1.09,-1.15,-1.16,-1.24,-1.48,-1.73,-1.85,-1.89,-1.93,-1.95
5ace20399fe7b01d5806bf45,2.85,1.27,0.69,0.19,-0.1,-0.35,-0.38,-0.48,-0.5,-0.65,-0.74,-0.85,-0.86,-0.89,-0.91
5ace203d9fe7b01d5806c09b,3.7,3.52,1.71,1.09,0.56,0.55,0.06,0.02,-0.25,-0.54,-0.84,-0.95,-0.99,-1.01,-1.02
5ace203d9fe7b01d5806c0c9,2.6799999999999997,2.67,2.66,2.38,2.37,2.26,1.99,1.9,1.83,1.83,1.82,1.78,1.75,1.75,1.75
5ace203c9fe7b01d5806c06a,-0.09000000000000001,-0.1,-0.45999999999999996,-0.47,-0.48,-0.49,-0.62,-0.69,-0.88,-1.19,-1.32,-1.35,-1.43,-1.43,-1.45
5ace20419fe7b01d5806c1e6,-0.01999999999999999,-0.029999999999999992,-0.039999999999999994,-0.049999999999999996,-0.06,-0.35,-0.5,-0.75,-0.86,-1.06,-1.14,-1.2,-1.26,-1.28,-1.33
5ace203f9fe7b01d5806c12d,1.9,0.35000000000000003,0.34,0.33,0.32,0.1,-0.04,-0.28,-0.32,-0.54,-0.63,-0.76,-0.82,-0.9,-0.94
5ace20389fe7b01d5806bed6,1.7,0.27,0.17,0.16,-0.03,-0.04,-0.6,-0.66,-0.66,-0.92,-1.12,-1.21,-1.3,-1.35,-1.4
5ace20369fe7b01d5806be3f,1.7,-0.6499999999999999,-0.6599999999999999,-0.6699999999999999,-0.6799999999999999,-0.69,-0.7,-0.8,-0.87,-1.28,-1.56,-1.71,-1.78,-1.82,-1.85
5ace20379fe7b01d5806be97,2.35,1.11,1.01,1.0,0.54,0.53,0.52,0.4,0.27,0.03,-0.13,-0.26,-0.32,-0.36,-0.39
5ace20349fe7b01d5806bdba,3.7,1.74,0.19000000000000003,0.18000000000000002,0.17,0.16,0.15,0.07,-0.07,-0.49,-0.76,-0.87,-1.0,-1.03,-1.04
5ace20379fe7b01d5806beb1,-1.9699999999999998,-1.9799999999999998,-1.9899999999999998,-1.9999999999999998,-2.01,-2.3600000000000008,-2.3700000000000006,-2.3800000000000003,-2.39,-2.4,-2.53,-2.58,-2.63,-2.65,-2.69
5ace20379fe7b01d5806be90,0.37000000000000005,0.36000000000000004,0.35000000000000003,0.34,-0.01,-0.28,-0.34,-0.48,-0.49,-0.5,-0.51,-0.51,-0.59,-0.6,-0.7
5ace20379fe7b01d5806bea1,4.0,0.8,0.09999999999999999,0.09,0.08,-0.26,-0.47,-0.55,-0.75,-1.14,-1.43,-1.59,-1.64,-1.68,-1.71
5ace20419fe7b01d5806c1dc,0.26,0.25,0.24000000000000002,0.23,0.22,0.21,0.01,-0.06,-0.26,-0.43,-0.57,-0.64,-0.69,-0.73,-0.77
5ace203f9fe7b01d5806c12e,3.7,0.05,0.04,0.03,-0.41,-0.59,-1.13,-1.14,-1.15,-1.16,-1.24,-1.25,-1.28,-1.29,-1.36
5ace20399fe7b01d5806bf71,1.41,1.4,1.39,1.32,0.71,0.36,0.33,0.16,0.05,-0.17,-0.41,-0.51,-0.6,-0.67,-0.7
5ace20399fe7b01d5806bf72,2.07,1.2,1.18,1.17,1.16,0.43,0.1,-0.25,-0.39,-0.77,-1.12,-1.32,-1.42,-1.51,-1.53
5ace203f9fe7b01d5806c163,-1.38,-1.39,-1.4,-1.41,-1.44,-1.45,-1.62,-1.66,-1.7,-1.77,-1.77,-1.81,-1.82,-1.82,-1.83
5ace203e9fe7b01d5806c124,0.6000000000000001,0.5900000000000001,0.5800000000000001,0.5700000000000001,0.56,0.55,0.31,0.24000000000000002,0.23,-0.08,-0.2,-0.33,-0.36,-0.43,-0.49
5ace20409fe7b01d5806c187,-1.27,-1.28,-1.29,-1.3,-1.31,-1.82,-2.22,-2.23,-2.3,-2.38,-2.39,-2.46,-2.46,-2.48,-2.5
5ace203e9fe7b01d5806c119,3.03,2.14,1.12,0.9800000000000001,0.9700000000000001,0.9600000000000001,0.9500000000000001,0.9400000000000001,0.93,0.7,0.56,0.51,0.48,0.44,0.43
5ace203c9fe7b01d5806c06f,3.03,2.02,1.21,1.09,1.08,1.07,1.02,0.8,0.75,0.34,0.12,-0.1,-0.16,-0.21,-0.24
5ace20419fe7b01d5806c1e7,1.61,1.6,1.59,1.58,1.57,1.56,1.55,1.54,1.52,1.24,1.09,0.94,0.87,0.8,0.78
5ace20399fe7b01d5806bf73,1.7,-0.52,-0.53,-0.54,-0.69,-0.7,-0.71,-0.72,-0.73,-0.77,-0.85,-0.9,-0.92,-0.94,-0.95
5ace203b9fe7b01d5806bfee,3.03,0.76,3.469446951953614e-18,-0.009999999999999997,-0.019999999999999997,-0.03,-0.15,-0.39,-0.54,-0.55,-0.5599999999999999,-0.57,-0.58,-0.59,-0.65
5ace203c9fe7b01d5806c070,3.23,1.24,0.7,0.2,-0.01,-0.03,-0.23,-0.35,-0.45,-0.58,-0.66,-0.68,-0.7,-0.72,-0.72
5ace203b9fe7b01d5806bff3,1.7,0.2,0.2,-1.28,-1.29,-1.3,-1.71,-1.94,-2.03,-2.33,-2.61,-2.66,-2.67,-2.74,-2.77
5ace203f9fe7b01d5806c14e,2.69,2.68,2.48,1.0,0.99,0.5,0.16,-0.07,-0.07,-0.31,-0.46,-0.51,-0.52,-0.52,-0.54
5ace20379fe7b01d5806be8c,0.31000000000000005,0.30000000000000004,0.29000000000000004,0.28,0.27,0.1,0.04,0.0,-0.01,-0.14,-0.26,-0.32,-0.34,-0.36,-0.41
5ace20349fe7b01d5806bdbb,3.7,2.22,1.25,1.24,1.2,0.72,0.39,0.22,0.09,-0.21,-0.53,-0.66,-0.74,-0.8,-0.85
5ace20379fe7b01d5806beab,3.9,1.99,1.98,1.97,1.74,1.73,1.35,1.17,1.16,1.15,1.13,1.02,0.94,0.9,0.85
5ace20379fe7b01d5806beba,3.9,2.45,1.35,1.34,1.33,1.32,1.31,1.01,0.84,0.55,0.44,0.36,0.31,0.26,0.24
5ace203f9fe7b01d5806c13e,-0.29,-0.3,-0.65,-0.66,-0.67,-1.05,-1.29,-1.4,-1.42,-1.47,-1.64,-1.79,-1.86,-1.94,-1.98
5ace203a9fe7b01d5806bfab,0.7,0.41,-0.46,-0.54,-0.56,-0.84,-0.85,-0.89,-0.92,-1.2,-1.29,-1.35,-1.41,-1.46,-1.5
5ace203e9fe7b01d5806c0f1,3.85,1.8800000000000001,1.87,1.86,1.64,1.63,1.26,0.97,0.83,0.61,0.51,0.32,0.28,0.25,0.2
5ace203f9fe7b01d5806c137,1.83,1.82,1.56,1.39,1.38,1.11,0.9400000000000001,0.93,0.87,0.61,0.31,0.13,0.04,-0.05,-0.11
5ace20419fe7b01d5806c1e8,4.0,0.65,0.64,0.63,0.24,0.01,0.0,-0.35,-0.43,-0.71,-0.98,-1.16,-1.2,-1.26,-1.32
5ace203f9fe7b01d5806c12f,3.7,1.69,1.68,1.29,0.97,0.49,0.15000000000000002,0.14,0.13,-0.03,-0.06,-0.15,-0.17,-0.2,-0.24
5ace20419fe7b01d5806c1e9,2.02,1.34,1.33,1.32,1.31,1.3,1.0,0.83,0.6,0.34,0.12,-0.03,-0.11,-0.17,-0.19
5ace203f9fe7b01d5806c130,-0.32999999999999996,-0.33999999999999997,-0.35,-0.36,-0.37,-0.83,-1.08,-1.2,-1.21,-1.22,-1.24,-1.25,-1.26,-1.31,-1.32
5ace20359fe7b01d5806be21,1.7,0.5,0.31,-0.23,-0.63,-0.66,-0.67,-0.68,-0.73,-0.74,-0.75,-0.75,-0.75,-0.76,-0.76
5ace20379fe7b01d5806bed3,4.0,2.0199999999999996,2.01,2.0,1.99,1.85,1.58,1.36,1.26,0.97,0.65,0.48,0.35,0.28,0.27
5ace20359fe7b01d5806be07,-0.3,-0.7799999999999999,-0.7899999999999999,-0.7999999999999999,-0.8099999999999999,-0.82,-0.92,-0.98,-1.02,-1.11,-1.25,-1.33,-1.35,-1.38,-1.39
5ace203e9fe7b01d5806c0fb,1.33,1.06,1.05,1.04,0.8,0.52,0.51,0.28,0.13,0.06,-0.1,-0.26,-0.32,-0.37,-0.39
5ace203f9fe7b01d5806c16a,2.57,2.2,1.74,1.52,1.36,1.33,1.32,1.18,1.14,0.75,0.43,0.22,0.13,0.07,0.0
5ace203f9fe7b01d5806c16b,4.0,1.66,0.14,0.13,0.12,0.08,-0.15999999999999998,-0.16999999999999998,-0.18,-0.19,-0.2,-0.21,-0.22,-0.26,-0.31
5ace203f9fe7b01d5806c16c,4.0,2.33,0.05,-0.3,-0.94,-1.03,-1.39,-1.41,-1.5,-1.82,-2.0,-2.12,-2.22,-2.27,-2.3
5ace203e9fe7b01d5806c10a,0.39,0.38,0.37,0.36,-0.61,-0.65,-0.66,-0.92,-1.16,-1.36,-1.63,-1.76,-1.84,-1.87,-1.89
5ace203f9fe7b01d5806c165,2.1799999999999997,2.17,1.46,0.98,0.97,0.58,0.34,0.01,-0.14,-0.5,-0.62,-0.73,-0.82,-0.83,-0.86
5ace203f9fe7b01d5806c177,0.25,0.24,0.22,0.09,0.0,-0.16,-0.47,-0.58,-0.61,-0.7,-0.88,-0.95,-1.0,-1.07,-1.09
5bab79b238234f74bfb6600f,-0.3,-0.3,-0.95,-0.96,-0.97,-0.98,-0.99,-1.0,-1.08,-1.12,-1.24,-1.29,-1.31,-1.35,-1.37
5bab79c138234f74bfb66010,1.23,0.91,-0.51,-0.77,-1.49,-1.99,-2.19,-2.24,-2.31,-2.3400000000000007,-2.3500000000000005,-2.3600000000000003,-2.37,-2.39,-2.41
5bab79d038234f74bfb66012,0.27,0.26,-0.22,-0.62,-0.8099999999999999,-0.82,-1.12,-1.29,-1.29,-1.58,-1.75,-1.88,-1.96,-2.02,-2.05
5ace20369fe7b01d5806be43,1.46,1.45,0.9,0.89,0.81,0.51,0.22,0.03,0.02,-0.19,-0.39,-0.55,-0.64,-0.7,-0.72
5ace20369fe7b01d5806be45,3.85,2.27,-0.2999999999999999,-0.3099999999999999,-0.3199999999999999,-0.3299999999999999,-0.3399999999999999,-0.3499999999999999,-0.35999999999999993,-0.36999999999999994,-0.37999999999999995,-0.38999999999999996,-0.39999999999999997,-0.41,-0.41
5ace20369fe7b01d5806be47,1.25,1.24,1.23,1.22,0.8,0.68,0.65,0.4,0.33,0.08,0.01,-0.12,-0.17,-0.23,-0.27
5ace20369fe7b01d5806be44,0.09999999999999999,0.09,0.08,0.07,0.060000000000000005,0.05,0.04,-0.29,-0.33,-0.56,-0.67,-0.75,-0.83,-0.88,-0.9
5ace20369fe7b01d5806be41,0.32,-1.18,-1.74,-1.75,-1.76,-1.77,-1.94,-2.11,-2.15,-2.3200000000000003,-2.33,-2.36,-2.3700000000000006,-2.3800000000000003,-2.39
